id,score
0,0.95573562
1,0.82310331
2,0.18041284
3,0.35528755
4,0.92279953
5,0.44573030
6,0.32125035
7,0.20623277
8,0.31342894
9,0.81010419
10,0.95514590
11,0.68952155
12,0.44459760
13,0.73112738
14,0.19926241
15,0.33628592
16,0.37676942
17,0.30523676
18,0.20349857
19,0.84471118
20,0.47807401
21,0.73896790
22,0.85898799
23,0.86550647
24,0.68020743
25,0.56400603
26,0.91755676
27,0.13126525
28,0.96888578
29,0.84248549
30,0.58089840
31,0.96422243
32,0.74706131
33,0.87262714
34,0.80377173
35,0.93849659
36,0.90988880
37,0.39420226
38,0.89522088
39,0.97903925
40,0.95334792
41,0.43735561
42,0.49322435
43,0.97185272
44,0.26442039
45,0.56243020
46,0.47226095
47,0.45206529
48,0.75287694
49,0.95888007
50,0.95157206
51,0.12419468
52,0.93167216
53,0.91923344
54,0.87979001
55,0.33137357
56,0.34843016
57,0.68029171
58,0.94661295
59,0.95012194
60,0.95197493
61,0.42711741
62,0.38543248
63,0.23890555
64,0.93122816
65,0.92775631
66,0.97112083
67,0.88842696
68,0.57702249
69,0.75141019
70,0.40332073
71,0.40638977
72,0.56216401
73,0.52894920
74,0.93103027
75,0.44656152
76,0.95618731
77,0.38472027
78,0.68110776
79,0.88994300
80,0.68636781
81,0.76361924
82,0.46139359
83,0.69861716
84,0.96497893
85,0.38494253
86,0.97598875
87,0.17695001
88,0.75967902
89,0.91701078
90,0.81118500
91,0.63849533
92,0.28105551
93,0.95531237
94,0.43979257
95,0.45578462
96,0.93158388
97,0.95147926
98,0.65404218
99,0.80335587
100,0.82833123
101,0.98549366
102,0.76003385
103,0.81812942
104,0.47177020
105,0.59653509
106,0.85867107
107,0.72433716
108,0.35073525
109,0.85595703
110,0.88656896
111,0.95397240
112,0.92505717
113,0.86651444
114,0.89276493
115,0.94513929
116,0.00865664
117,0.95044625
118,0.84689116
119,0.91110122
120,0.59298056
121,0.90766698
122,0.11091502
123,0.42637879
124,0.76071692
125,0.89946908
126,0.88628978
127,0.95079613
128,0.03050014
129,0.48031768
130,0.69446373
131,0.83360028
132,0.93219036
133,0.32361859
134,0.24249548
135,0.87369859
136,0.94219029
137,0.39520442
138,0.20518169
139,0.63377869
140,0.62307048
141,0.32488292
142,0.93519509
143,0.36570692
144,0.90059322
145,0.91262484
146,0.91265845
147,0.97270691
148,0.65023702
149,0.92306942
150,0.23733112
151,0.80395198
152,0.49259067
153,0.98051792
154,0.80645216
155,0.32406950
156,0.31624335
157,0.74027741
158,0.61192471
159,0.42118829
160,0.87743539
161,0.92527258
162,0.90839732
163,0.94952053
164,0.58862734
165,0.81852263
166,0.95006973
167,0.93139058
168,0.23268294
169,0.26161537
170,0.63024664
171,0.27740258
172,0.42475188
173,0.52894306
174,0.98034173
175,0.96428263
176,0.89377785
177,0.94522220
178,0.53385830
179,0.81656051
180,0.82854187
181,0.59202838
182,0.51141471
183,0.41713029
184,0.78359795
185,0.90432107
186,0.82895923
187,0.95033896
188,0.36527938
189,0.81616092
190,0.93592727
191,0.88392252
192,0.77966249
193,0.19082579
194,0.48306495
195,0.59467882
196,0.94138432
197,0.29345563
198,0.97790432
199,0.95792150
200,0.92869085
201,0.37473780
202,0.78043652
203,0.23716258
204,0.32258159
205,0.49463660
206,0.89307165
207,0.71063852
208,0.09215816
209,0.47997564
210,0.91015750
211,0.02516172
212,0.93240482
213,0.31426603
214,0.89874643
215,0.92493165
216,0.16012280
217,0.87379950
218,0.47013292
219,0.90289688
220,0.27732784
221,0.86064422
222,0.95726097
223,0.68073869
224,0.14165784
225,0.25311613
226,0.96640527
227,0.49499738
228,0.25798279
229,0.23583356
230,0.15690510
231,0.56182301
232,0.85522366
233,0.88496989
234,0.80549836
235,0.95110357
236,0.56086779
237,0.89217502
238,0.96704257
239,0.86815357
240,0.90160608
241,0.06046313
242,0.35095009
243,0.90796238
244,0.24752805
245,0.84430295
246,0.91550344
247,0.90958148
248,0.55793035
249,0.69813174
250,0.75032943
251,0.92503232
252,0.89194238
253,0.80345035
254,0.88256919
255,0.25711936
256,0.37359723
257,0.93627650
258,0.94763184
259,0.76764315
260,0.53588253
261,0.93821520
262,0.66167355
263,0.89090991
264,0.91849798
265,0.57881141
266,0.94743842
267,0.63512170
268,0.79012895
269,0.79421836
270,0.40123057
271,0.32361925
272,0.82951546
273,0.72229093
274,0.18260291
275,0.65604132
276,0.96843904
277,0.38524002
278,0.70809811
279,0.56853592
280,0.56178844
281,0.28750277
282,0.75191307
283,0.91552198
284,0.84288305
285,0.34630695
286,0.97757924
287,0.36312181
288,0.38390121
289,0.90873253
290,0.48954895
291,0.76345170
292,0.94951409
293,0.71396458
294,0.38712093
295,0.50421023
296,0.92181182
297,0.52201921
298,0.66029650
299,0.09320441
300,0.22280848
301,0.99240154
302,0.68340969
303,0.25025755
304,0.96604204
305,0.92966437
306,0.94828641
307,0.95330137
308,0.86625969
309,0.88969678
310,0.93254316
311,0.66741884
312,0.44399214
313,0.96900868
314,0.68606544
315,0.89649415
316,0.91707540
317,0.93775749
318,0.23960826
319,0.63828766
320,0.96584165
321,0.29896754
322,0.94012016
323,0.67683583
324,0.69052601
325,0.95441389
326,0.67985535
327,0.94509995
328,0.68692553
329,0.62611353
330,0.81555152
331,0.13506055
332,0.54063213
333,0.57093346
334,0.48984662
335,0.95799100
336,0.97444439
337,0.46606579
338,0.37055990
339,0.38956141
340,0.91152805
341,0.74091923
342,0.33176494
343,0.72223949
344,0.08789393
345,0.39678118
346,0.94000208
347,0.89298308
348,0.36255342
349,0.79197234
350,0.94203961
351,0.29985327
352,0.40087146
353,0.68104196
354,0.47469738
355,0.77396286
356,0.60266531
357,0.86420399
358,0.72425425
359,0.63795102
360,0.47117138
361,0.48052955
362,0.40013182
363,0.76417500
364,0.79785335
365,0.16420655
366,0.42217320
367,0.35805303
368,0.96026409
369,0.88042974
370,0.15267240
371,0.32552814
372,0.97501928
373,0.71599716
374,0.39418030
375,0.61090100
376,0.94240630
377,0.47180882
378,0.51690269
379,0.58992010
380,0.99229276
381,0.21463639
382,0.64445668
383,0.62775415
384,0.87056005
385,0.90099341
386,0.96271485
387,0.90665287
388,0.86637235
389,0.95685577
390,0.71577287
391,0.88028830
392,0.21027729
393,0.79708159
394,0.96114230
395,0.34695902
396,0.30318668
397,0.67306072
398,0.52429688
399,0.43406838
400,0.95837361
401,0.98058712
402,0.88462794
403,0.25543803
404,0.37914354
405,0.90704674
406,0.35782728
407,0.96721703
408,0.96818781
409,0.79151487
410,0.48889971
411,0.97442144
412,0.93834329
413,0.38801861
414,0.18558329
415,0.97280055
416,0.96665466
417,0.47995111
418,0.80740589
419,0.23383427
420,0.96985698
421,0.36455977
422,0.24804179
423,0.66717052
424,0.40620625
425,0.97496617
426,0.91400367
427,0.82904005
428,0.97789317
429,0.47067142
430,0.10775489
431,0.69436753
432,0.98380637
433,0.91558987
434,0.79643726
435,0.30980095
436,0.72374344
437,0.89040124
438,0.26151273
439,0.95016259
440,0.94854635
441,0.55883372
442,0.92768520
443,0.89541411
444,0.67540359
445,0.98370004
446,0.91885114
447,0.45797953
448,0.38286269
449,0.74335670
450,0.93476242
451,0.39310676
452,0.07026717
453,0.32802352
454,0.39192408
455,0.06335042
456,0.92849404
457,0.65532464
458,0.50180489
459,0.59982288
460,0.83751976
461,0.30996281
462,0.21816181
463,0.95369667
464,0.44942048
465,0.09429390
466,0.94537348
467,0.79330355
468,0.34296396
469,0.97499472
470,0.85368890
471,0.94214076
472,0.36764771
473,0.30440307
474,0.93521380
475,0.97281063
476,0.73672456
477,0.80339885
478,0.49598962
479,0.80299687
480,0.95216930
481,0.33863789
482,0.25758949
483,0.95659029
484,0.32432815
485,0.15060589
486,0.97121423
487,0.94013119
488,0.12119795
489,0.10017342
490,0.34301203
491,0.38933182
492,0.15081976
493,0.94484925
494,0.48654822
495,0.42967272
496,0.49216241
497,0.88485992
498,0.44958442
499,0.23760858
500,0.87850052
501,0.87929344
502,0.26871997
503,0.89735425
504,0.92023420
505,0.60880733
506,0.93115652
507,0.96519017
508,0.96290922
509,0.96630466
510,0.77070183
511,0.97537267
512,0.89700186
513,0.75314826
514,0.84141099
515,0.79752910
516,0.74964815
517,0.38695246
518,0.87702596
519,0.74660003
520,0.80082917
521,0.12700506
522,0.87267154
523,0.89492017
524,0.46719572
525,0.56471717
526,0.83813494
527,0.95795453
528,0.39018852
529,0.93245882
530,0.97949898
531,0.89568496
532,0.82877773
533,0.89376271
534,0.21909124
535,0.98023272
536,0.85922891
537,0.96738255
538,0.80824906
539,0.47137988
540,0.66252077
541,0.72947657
542,0.94859624
543,0.96891683
544,0.58012199
545,0.97056264
546,0.50821072
547,0.51230323
548,0.88876796
549,0.97197324
550,0.25627130
551,0.93772817
552,0.83574975
553,0.90119570
554,0.94653183
555,0.31247678
556,0.65879643
557,0.91953933
558,0.92235923
559,0.94753486
560,0.10369609
561,0.71475345
562,0.21226326
563,0.36672348
564,0.27136692
565,0.25195736
566,0.84066594
567,0.88622987
568,0.25816482
569,0.87714058
570,0.93598688
571,0.92176360
572,0.69999444
573,0.74045503
574,0.57418752
575,0.94391215
576,0.88708097
577,0.86597311
578,0.45700282
579,0.93021131
580,0.94963199
581,0.95998913
582,0.73675162
583,0.98006290
584,0.87816334
585,0.15863040
586,0.90109801
587,0.83376443
588,0.33598971
589,0.17311336
590,0.40829104
591,0.48033765
592,0.73666453
593,0.39835271
594,0.82546878
595,0.22532871
596,0.32822558
597,0.89927536
598,0.50021958
599,0.54589516
600,0.85935050
601,0.30083036
602,0.28277105
603,0.44038877
604,0.27935696
605,0.90104204
606,0.94210458
607,0.26137346
608,0.58893758
609,0.30013430
610,0.67167032
611,0.89934552
612,0.91536587
613,0.95607382
614,0.81392276
615,0.29924184
616,0.71009779
617,0.86346388
618,0.93558174
619,0.31145328
620,0.97274435
621,0.82935643
622,0.61021137
623,0.38215768
624,0.96283764
625,0.84491712
626,0.38039827
627,0.96510774
628,0.93041748
629,0.79905957
630,0.92370427
631,0.95918041
632,0.96861386
633,0.96681684
634,0.66971135
635,0.52640939
636,0.87779635
637,0.48323804
638,0.15371618
639,0.30164739
640,0.51498026
641,0.57224625
642,0.82624412
643,0.47335741
644,0.54382908
645,0.22264251
646,0.30083117
647,0.09222703
648,0.77049309
649,0.90247476
650,0.59465289
651,0.73548633
652,0.97063202
653,0.93222797
654,0.50536978
655,0.58217382
656,0.91208833
657,0.93640488
658,0.17164063
659,0.13172363
660,0.54497463
661,0.12998638
662,0.49777007
663,0.32268476
664,0.63385713
665,0.90879709
666,0.57980502
667,0.93466431
668,0.90016097
669,0.89005423
670,0.73511958
671,0.77052259
672,0.86838263
673,0.92129672
674,0.44113758
675,0.93942475
676,0.75896907
677,0.95286465
678,0.79771429
679,0.97135824
680,0.90859938
681,0.79502285
682,0.93848562
683,0.82425410
684,0.18762639
685,0.96623707
686,0.51872146
687,0.52021313
688,0.30656031
689,0.91165197
690,0.53458989
691,0.93864179
692,0.71022809
693,0.97657961
694,0.93723506
695,0.70592999
696,0.95063269
697,0.90685892
698,0.95731419
699,0.89781004
700,0.70693076
701,0.44353056
702,0.45526510
703,0.40665862
704,0.72862303
705,0.90223736
706,0.92380124
707,0.88871801
708,0.76772791
709,0.66151083
710,0.60847378
711,0.39205807
712,0.70106339
713,0.32836521
714,0.49590591
715,0.85671639
716,0.95132661
717,0.24084315
718,0.30077809
719,0.92583442
720,0.97368926
721,0.61857659
722,0.48300749
723,0.24745718
724,0.93628830
725,0.28162962
726,0.54352534
727,0.98402959
728,0.45522165
729,0.31909782
730,0.93990487
731,0.97004694
732,0.92240572
733,0.39784828
734,0.95210892
735,0.32959893
736,0.96472067
737,0.69624013
738,0.97493732
739,0.79001212
740,0.92226255
741,0.61012185
742,0.92215282
743,0.63511992
744,0.92473859
745,0.55928570
746,0.87983543
747,0.78437227
748,0.54581058
749,0.17632449
750,0.51620734
751,0.30381677
752,0.85034919
753,0.41475147
754,0.86747324
755,0.89306813
756,0.53479588
757,0.98145103
758,0.91015649
759,0.39412168
760,0.36938152
761,0.33650228
762,0.97422260
763,0.72458673
764,0.50973403
765,0.77064550
766,0.97540009
767,0.21986465
768,0.27689826
769,0.54409206
770,0.81391406
771,0.77210599
772,0.95658123
773,0.90446723
774,0.92288578
775,0.46077088
776,0.58759123
777,0.80505943
778,0.90877795
779,0.42978737
780,0.53265584
781,0.35140231
782,0.65247166
783,0.78953153
784,0.13125676
785,0.95214659
786,0.96780342
787,0.96539021
788,0.39565134
789,0.74871767
790,0.74969983
791,0.44055808
792,0.78087759
793,0.85231888
794,0.31451029
795,0.43880427
796,0.86133242
797,0.70914716
798,0.93481386
799,0.89117384
800,0.88577849
801,0.18324800
802,0.96332556
803,0.35817909
804,0.24452271
805,0.23801553
806,0.88046169
807,0.94754195
808,0.25278729
809,0.62714809
810,0.72252107
811,0.98905683
812,0.13373378
813,0.91836244
814,0.26881137
815,0.35806349
816,0.07296754
817,0.46346796
818,0.22261758
819,0.01021380
820,0.84223098
821,0.94046497
822,0.72707427
823,0.43496990
824,0.94251966
825,0.40531370
826,0.94802535
827,0.53218251
828,0.98336762
829,0.95926464
830,0.63548255
831,0.34593573
832,0.68377048
833,0.81420892
834,0.84573245
835,0.37608188
836,0.85358047
837,0.52999145
838,0.88006747
839,0.87825865
840,0.65844077
841,0.94372803
842,0.26853141
843,0.97163296
844,0.87598479
845,0.78952289
846,0.40443361
847,0.65796888
848,0.62052900
849,0.65929610
850,0.72506338
851,0.98096657
852,0.90353000
853,0.60773414
854,0.26518011
855,0.63484007
856,0.96817958
857,0.41462326
858,0.92849290
859,0.35112068
860,0.92059451
861,0.97026283
862,0.94013441
863,0.95915365
864,0.84086800
865,0.84915704
866,0.95997906
867,0.16425857
868,0.75950062
869,0.36113387
870,0.63746911
871,0.29209673
872,0.11350343
873,0.80770481
874,0.67711943
875,0.96544969
876,0.19006729
877,0.92165655
878,0.08204313
879,0.55105954
880,0.28506938
881,0.94549924
882,0.09746810
883,0.75414515
884,0.96168745
885,0.51949078
886,0.28625244
887,0.87718505
888,0.76215672
889,0.36396554
890,0.17800210
891,0.27189177
892,0.94663906
893,0.64243734
894,0.93008125
895,0.86957622
896,0.96451932
897,0.87963581
898,0.90715623
899,0.18220171
900,0.42726555
901,0.67683822
902,0.24887452
903,0.97903574
904,0.95807397
905,0.42457169
906,0.34968352
907,0.38945574
908,0.34433794
909,0.98150790
910,0.74797291
911,0.87295192
912,0.97668564
913,0.95581234
914,0.61806363
915,0.80945843
916,0.81948900
917,0.95642227
918,0.50847512
919,0.34265357
920,0.92806029
921,0.91568166
922,0.86928308
923,0.25240096
924,0.43100974
925,0.51824045
926,0.48818445
927,0.09810096
928,0.61073369
929,0.98417336
930,0.97763848
931,0.90340519
932,0.47858128
933,0.45153171
934,0.89355302
935,0.43245935
936,0.26235327
937,0.56744862
938,0.62094420
939,0.76835620
940,0.95204592
941,0.61684656
942,0.50713986
943,0.67178923
944,0.66617900
945,0.48885083
946,0.54591924
947,0.49743783
948,0.96452624
949,0.64824617
950,0.97966093
951,0.90482908
952,0.84881806
953,0.45246539
954,0.33708718
955,0.88967073
956,0.34443837
957,0.68746829
958,0.85921586
959,0.91747624
960,0.86252499
961,0.87569189
962,0.20854978
963,0.64575469
964,0.63361460
965,0.46538949
966,0.57333827
967,0.25156599
968,0.82737005
969,0.93328357
970,0.93988681
971,0.91855812
972,0.88935149
973,0.23501325
974,0.97326493
975,0.29791617
976,0.94831884
977,0.69474328
978,0.83120978
979,0.81161797
980,0.63988614
981,0.62571442
982,0.95853698
983,0.87528658
984,0.70260113
985,0.56420541
986,0.03574875
987,0.56803215
988,0.86244231
989,0.45151097
990,0.87577164
991,0.92657435
992,0.48723227
993,0.90792751
994,0.62301326
995,0.52170688
996,0.50016528
997,0.94089818
998,0.16339464
999,0.10972713
1000,0.89078140
1001,0.38269135
1002,0.45740739
1003,0.93837720
1004,0.34659317
1005,0.51579398
1006,0.36323616
1007,0.89053023
1008,0.87491256
1009,0.51403373
1010,0.74747473
1011,0.95413280
1012,0.63324881
1013,0.48517358
1014,0.44960251
1015,0.97547102
1016,0.29272324
1017,0.19457501
1018,0.53994715
1019,0.87059009
1020,0.50560760
1021,0.96021128
1022,0.87893480
1023,0.98135227
1024,0.86128420
1025,0.93757987
1026,0.45738465
1027,0.97264951
1028,0.89472866
1029,0.85230803
1030,0.97658134
1031,0.53986788
1032,0.26371896
1033,0.89043581
1034,0.51224589
1035,0.63151592
1036,0.38072404
1037,0.50474691
1038,0.16336381
1039,0.43391681
1040,0.18657421
1041,0.95705950
1042,0.22746499
1043,0.16931181
1044,0.84489977
1045,0.79156125
1046,0.93395257
1047,0.68478197
1048,0.69176704
1049,0.61029696
1050,0.94685543
1051,0.44686586
1052,0.90497917
1053,0.23561171
1054,0.94482470
1055,0.37290627
1056,0.89771277
1057,0.92100197
1058,0.35885382
1059,0.62496543
1060,0.97822160
1061,0.48647106
1062,0.87617719
1063,0.31625733
1064,0.79279178
1065,0.76821768
1066,0.88417697
1067,0.91913432
1068,0.11849450
1069,0.85555452
1070,0.75131822
1071,0.32911205
1072,0.06016965
1073,0.83943719
1074,0.34545448
1075,0.70846903
1076,0.64524078
1077,0.14806250
1078,0.76792216
1079,0.28962162
1080,0.90743011
1081,0.59616154
1082,0.76376939
1083,0.37000924
1084,0.86677700
1085,0.91799992
1086,0.88611227
1087,0.92125380
1088,0.84069014
1089,0.94187593
1090,0.28049845
1091,0.85383046
1092,0.96935689
1093,0.08375724
1094,0.35405585
1095,0.09708414
1096,0.82313347
1097,0.97588313
1098,0.47546810
1099,0.57691526
1100,0.44022232
1101,0.92556792
1102,0.95179361
1103,0.40623382
1104,0.70189548
1105,0.53916758
1106,0.14844123
1107,0.75926548
1108,0.48545185
1109,0.87507057
1110,0.68650734
1111,0.09048380
1112,0.63877726
1113,0.96141672
1114,0.65387851
1115,0.86693430
1116,0.85706168
1117,0.94180918
1118,0.98836017
1119,0.66593432
1120,0.20483631
1121,0.77426183
1122,0.75003588
1123,0.90110844
1124,0.40521124
1125,0.92708933
1126,0.87377441
1127,0.23148218
1128,0.49777377
1129,0.66035652
1130,0.12431808
1131,0.08181684
1132,0.97316080
1133,0.75958478
1134,0.80991167
1135,0.39156663
1136,0.03859314
1137,0.93761414
1138,0.88959730
1139,0.34607536
1140,0.82479239
1141,0.95976526
1142,0.83805722
1143,0.93584406
1144,0.82756150
1145,0.48721379
1146,0.88906205
1147,0.81719279
1148,0.61881727
1149,0.93731517
1150,0.97928214
1151,0.34030947
1152,0.13405523
1153,0.94859529
1154,0.28014877
1155,0.44850698
1156,0.96617055
1157,0.95782375
1158,0.94311500
1159,0.81393284
1160,0.92141914
1161,0.25965381
1162,0.35051191
1163,0.62323529
1164,0.74230856
1165,0.59781402
1166,0.87188697
1167,0.81994253
1168,0.70176315
1169,0.20748095
1170,0.88329464
1171,0.94456828
1172,0.88369191
1173,0.24258816
1174,0.90721852
1175,0.94279170
1176,0.28691769
1177,0.24267617
1178,0.20818783
1179,0.85025966
1180,0.46464750
1181,0.76220924
1182,0.89996517
1183,0.21869241
1184,0.40768850
1185,0.92220074
1186,0.19832626
1187,0.93404812
1188,0.82044142
1189,0.13475491
1190,0.54854566
1191,0.94425833
1192,0.95754242
1193,0.94129729
1194,0.96017700
1195,0.14875038
1196,0.95297724
1197,0.80834168
1198,0.95759058
1199,0.54185003
1200,0.69548535
1201,0.93440878
1202,0.98548818
1203,0.86696029
1204,0.90058726
1205,0.48929912
1206,0.83884710
1207,0.96044314
1208,0.65419769
1209,0.91698676
1210,0.19080999
1211,0.79582965
1212,0.34950995
1213,0.16714443
1214,0.71741503
1215,0.87799668
1216,0.35659587
1217,0.87882626
1218,0.22250712
1219,0.59198153
1220,0.46483490
1221,0.45350695
1222,0.39097232
1223,0.81529498
1224,0.91532373
1225,0.94345391
1226,0.60913491
1227,0.65276229
1228,0.97469133
1229,0.89978576
1230,0.91633046
1231,0.93064821
1232,0.83335161
1233,0.48432517
1234,0.98392403
1235,0.57974589
1236,0.94315010
1237,0.51377714
1238,0.21216245
1239,0.01351789
1240,0.96282125
1241,0.49363998
1242,0.37612683
1243,0.95131147
1244,0.54178876
1245,0.93671596
1246,0.45343089
1247,0.23981868
1248,0.59887528
1249,0.60456407
1250,0.10436106
1251,0.21368830
1252,0.78992087
1253,0.26558506
1254,0.95956266
1255,0.87941158
1256,0.65353030
1257,0.93836474
1258,0.93297547
1259,0.92517829
1260,0.75421596
1261,0.30366924
1262,0.89829135
1263,0.46063459
1264,0.91053414
1265,0.81946516
1266,0.95781463
1267,0.95960766
1268,0.81831479
1269,0.38381171
1270,0.75985217
1271,0.95363420
1272,0.77390945
1273,0.92991334
1274,0.88002455
1275,0.59103137
1276,0.87876809
1277,0.89765036
1278,0.63984305
1279,0.88133228
1280,0.84511501
1281,0.97186095
1282,0.33254379
1283,0.70342636
1284,0.18901558
1285,0.60681897
1286,0.57889140
1287,0.80126053
1288,0.95923799
1289,0.77012569
1290,0.80286741
1291,0.22826321
1292,0.95199752
1293,0.82935876
1294,0.42265177
1295,0.95612454
1296,0.90872091
1297,0.41451305
1298,0.93224257
1299,0.90723622
1300,0.81970310
1301,0.89862376
1302,0.46292621
1303,0.34478974
1304,0.98680842
1305,0.70281065
1306,0.14026055
1307,0.96050525
1308,0.94053423
1309,0.68762571
1310,0.11631377
1311,0.61800289
1312,0.09913219
1313,0.16586871
1314,0.55750656
1315,0.90506798
1316,0.66361189
1317,0.92645347
1318,0.92720759
1319,0.97854030
1320,0.98676455
1321,0.93922257
1322,0.97593772
1323,0.77233601
1324,0.87027109
1325,0.25248829
1326,0.89780134
1327,0.21074212
1328,0.83489603
1329,0.89351475
1330,0.63551593
1331,0.93208987
1332,0.37488884
1333,0.25192454
1334,0.96128041
1335,0.35832727
1336,0.37371776
1337,0.69099635
1338,0.77174056
1339,0.19413878
1340,0.67229587
1341,0.75314057
1342,0.49440122
1343,0.63026726
1344,0.88967049
1345,0.58003825
1346,0.56673229
1347,0.79377782
1348,0.50982320
1349,0.89370877
1350,0.66322464
1351,0.24083407
1352,0.27172986
1353,0.91226578
1354,0.92269886
1355,0.33998400
1356,0.31286785
1357,0.54030365
1358,0.93448687
1359,0.44834691
1360,0.58192545
1361,0.71838063
1362,0.50412643
1363,0.97894543
1364,0.99267477
1365,0.79377842
1366,0.32795340
1367,0.48749083
1368,0.31489065
1369,0.64247757
1370,0.58858210
1371,0.94131154
1372,0.47692102
1373,0.27569902
1374,0.56319010
1375,0.81734908
1376,0.14071096
1377,0.68239760
1378,0.48221087
1379,0.85176671
1380,0.86721051
1381,0.68320245
1382,0.96002352
1383,0.75052524
1384,0.89153701
1385,0.26943189
1386,0.75397450
1387,0.85468400
1388,0.91608614
1389,0.49916485
1390,0.91488171
1391,0.57331246
1392,0.64733678
1393,0.53938830
1394,0.30304956
1395,0.91734219
1396,0.76476520
1397,0.90082800
1398,0.05861551
1399,0.25264281
1400,0.54671645
1401,0.93159199
1402,0.97070146
1403,0.20719546
1404,0.40474725
1405,0.52096820
1406,0.62993920
1407,0.77518123
1408,0.92400521
1409,0.35307097
1410,0.95882839
1411,0.72970414
1412,0.89913613
1413,0.94731694
1414,0.89646125
1415,0.97340655
1416,0.83292782
1417,0.50587046
1418,0.25761366
1419,0.86009133
1420,0.75492454
1421,0.44720957
1422,0.89451635
1423,0.22029474
1424,0.34194124
1425,0.58672321
1426,0.46374941
1427,0.79702818
1428,0.21942398
1429,0.67282748
1430,0.86699384
1431,0.04486939
1432,0.90561712
1433,0.21241966
1434,0.71714270
1435,0.71383959
1436,0.69205379
1437,0.74092966
1438,0.93254304
1439,0.95653570
1440,0.67602515
1441,0.79761571
1442,0.93052369
1443,0.79277843
1444,0.90737629
1445,0.39471579
1446,0.86953044
1447,0.97684544
1448,0.86890465
1449,0.94958639
1450,0.13191153
1451,0.36586842
1452,0.82081640
1453,0.26068640
1454,0.91448092
1455,0.76409310
1456,0.87983227
1457,0.87594360
1458,0.87026405
1459,0.74439001
1460,0.33097804
1461,0.49523550
1462,0.37948430
1463,0.72450536
1464,0.92416930
1465,0.85974050
1466,0.23937087
1467,0.51720017
1468,0.98451871
1469,0.45008755
1470,0.45819557
1471,0.96378875
1472,0.88309675
1473,0.95638919
1474,0.71836716
1475,0.85082412
1476,0.96349937
1477,0.94383478
1478,0.42901808
1479,0.56730866
1480,0.83986676
1481,0.79787660
1482,0.45028275
1483,0.86015332
1484,0.76223409
1485,0.96279150
1486,0.79642916
1487,0.33504596
1488,0.97010469
1489,0.78367770
1490,0.37109435
1491,0.91762334
1492,0.90665191
1493,0.25607306
1494,0.89801466
1495,0.96363670
1496,0.52152014
1497,0.77166414
1498,0.81965876
1499,0.90643996
1500,0.64652586
1501,0.91833413
1502,0.65533197
1503,0.58310175
1504,0.56418318
1505,0.94803506
1506,0.97400028
1507,0.87805921
1508,0.44421393
1509,0.81309772
1510,0.91864026
1511,0.71455407
1512,0.86436254
1513,0.88852382
1514,0.57199502
1515,0.97212255
1516,0.08556720
1517,0.38518435
1518,0.77105629
1519,0.85748398
1520,0.08301834
1521,0.98712099
1522,0.34067553
1523,0.92087066
1524,0.32112017
1525,0.76628006
1526,0.31599420
1527,0.81731236
1528,0.14295043
1529,0.96236455
1530,0.87712997
1531,0.87752610
1532,0.66983539
1533,0.60083723
1534,0.92520607
1535,0.90711951
1536,0.89074218
1537,0.61877054
1538,0.89544886
1539,0.96835971
1540,0.89359653
1541,0.88818538
1542,0.91854596
1543,0.22529432
1544,0.50626451
1545,0.67152035
1546,0.90598768
1547,0.85529923
1548,0.77212417
1549,0.17300601
1550,0.92620653
1551,0.12633985
1552,0.27938536
1553,0.37094375
1554,0.81114209
1555,0.98396486
1556,0.95470762
1557,0.82787788
1558,0.82922471
1559,0.88770759
1560,0.42840692
1561,0.27710104
1562,0.25530005
1563,0.30445710
1564,0.87213308
1565,0.60644633
1566,0.18805394
1567,0.83382016
1568,0.26960146
1569,0.93757761
1570,0.88113302
1571,0.70520216
1572,0.85742962
1573,0.84692138
1574,0.83026057
1575,0.96894807
1576,0.44915932
1577,0.97483784
1578,0.99454910
1579,0.73345578
1580,0.91684818
1581,0.93730128
1582,0.95106220
1583,0.78693384
1584,0.70988065
1585,0.58219308
1586,0.78421760
1587,0.70661700
1588,0.72435635
1589,0.71748483
1590,0.88155299
1591,0.55917603
1592,0.91055417
1593,0.21230406
1594,0.70973051
1595,0.93221605
1596,0.76460654
1597,0.86330438
1598,0.90167147
1599,0.75511849
1600,0.36040819
1601,0.90107310
1602,0.68293846
1603,0.63518989
1604,0.36901039
1605,0.54696476
1606,0.61518300
1607,0.95623887
1608,0.39388180
1609,0.90017319
1610,0.71494687
1611,0.67059273
1612,0.92943525
1613,0.96857470
1614,0.91961801
1615,0.74973691
1616,0.80523711
1617,0.87025303
1618,0.85981572
1619,0.11363240
1620,0.66230631
1621,0.91199678
1622,0.37778899
1623,0.57156694
1624,0.66947007
1625,0.38454935
1626,0.30595818
1627,0.23046073
1628,0.83919930
1629,0.95366967
1630,0.94128692
1631,0.95961690
1632,0.12098356
1633,0.94875526
1634,0.47283149
1635,0.90335965
1636,0.26658559
1637,0.18072411
1638,0.85891455
1639,0.93196410
1640,0.50281292
1641,0.85336214
1642,0.84492004
1643,0.83291811
1644,0.58410889
1645,0.93054581
1646,0.27833551
1647,0.33608556
1648,0.34648913
1649,0.76377165
1650,0.02735653
1651,0.22598511
1652,0.23154840
1653,0.95719743
1654,0.85585666
1655,0.85599840
1656,0.34642726
1657,0.75305432
1658,0.04550484
1659,0.71958613
1660,0.75704896
1661,0.98306882
1662,0.89815569
1663,0.89076412
1664,0.32557815
1665,0.96296489
1666,0.87237233
1667,0.94020367
1668,0.51379764
1669,0.54050523
1670,0.97300756
1671,0.84194267
1672,0.96384603
1673,0.82114458
1674,0.16438651
1675,0.44655675
1676,0.58612776
1677,0.69788563
1678,0.42939636
1679,0.69786108
1680,0.54579890
1681,0.95486987
1682,0.97156584
1683,0.97833043
1684,0.45518020
1685,0.81739455
1686,0.65522707
1687,0.50477862
1688,0.39095798
1689,0.78434741
1690,0.70115721
1691,0.90041703
1692,0.95385599
1693,0.73972976
1694,0.91424435
1695,0.35138848
1696,0.74701411
1697,0.98008704
1698,0.52941334
1699,0.31582576
1700,0.69807768
1701,0.34275210
1702,0.60894811
1703,0.85256648
1704,0.97309875
1705,0.95801568
1706,0.98514378
1707,0.47455776
1708,0.90178579
1709,0.80110341
1710,0.33726108
1711,0.92700142
1712,0.97958320
1713,0.93313217
1714,0.90329707
1715,0.73298317
1716,0.46074176
1717,0.91436332
1718,0.87825620
1719,0.51817870
1720,0.94999337
1721,0.82703829
1722,0.44301993
1723,0.32004419
1724,0.82119250
1725,0.93110794
1726,0.55210423
1727,0.44574511
1728,0.28259811
1729,0.37536442
1730,0.68498248
1731,0.98523760
1732,0.68528175
1733,0.91784883
1734,0.96899843
1735,0.51593262
1736,0.53328413
1737,0.69377679
1738,0.26375961
1739,0.76422262
1740,0.86812270
1741,0.70299160
1742,0.90085691
1743,0.16208240
1744,0.81138742
1745,0.73718667
1746,0.52703524
1747,0.32780448
1748,0.32341099
1749,0.96313888
1750,0.58147520
1751,0.92301595
1752,0.88876015
1753,0.08878937
1754,0.52447736
1755,0.39757961
1756,0.33353379
1757,0.14098927
1758,0.81254125
1759,0.30231875
1760,0.63045239
1761,0.93672872
1762,0.93331885
1763,0.35841802
1764,0.65595251
1765,0.89596641
1766,0.90834963
1767,0.97076023
1768,0.94960332
1769,0.96676850
1770,0.90917981
1771,0.95080316
1772,0.08322953
1773,0.82873052
1774,0.23712891
1775,0.40515092
1776,0.34376127
1777,0.42524987
1778,0.90392226
1779,0.79008454
1780,0.43866497
1781,0.64813912
1782,0.64030647
1783,0.51977068
1784,0.95222008
1785,0.94772786
1786,0.23203862
1787,0.89606631
1788,0.51364172
1789,0.63219768
1790,0.89489800
1791,0.93278164
1792,0.79700100
1793,0.82691622
1794,0.29085472
1795,0.98424208
1796,0.88232136
1797,0.72890228
1798,0.92876124
1799,0.24922006
1800,0.75585240
1801,0.17427760
1802,0.41549236
1803,0.56957221
1804,0.61718273
1805,0.34100345
1806,0.89606440
1807,0.93233055
1808,0.93245864
1809,0.95951968
1810,0.76528752
1811,0.50023878
1812,0.22887328
1813,0.15320767
1814,0.18424267
1815,0.54226995
1816,0.41993031
1817,0.91006839
1818,0.75484794
1819,0.64050329
1820,0.91752553
1821,0.85916197
1822,0.34018651
1823,0.62727857
1824,0.63091952
1825,0.55262327
1826,0.54503447
1827,0.49776435
1828,0.35945886
1829,0.07517961
1830,0.78517467
1831,0.65572321
1832,0.47868893
1833,0.93659616
1834,0.97426558
1835,0.97648293
1836,0.58428323
1837,0.71541244
1838,0.44459751
1839,0.29235378
1840,0.59696132
1841,0.77086884
1842,0.80937111
1843,0.94477081
1844,0.91957164
1845,0.61931771
1846,0.90475184
1847,0.63759530
1848,0.18108444
1849,0.47840497
1850,0.49530101
1851,0.78542840
1852,0.64552122
1853,0.93582058
1854,0.89424992
1855,0.07572266
1856,0.95652634
1857,0.74586314
1858,0.42956349
1859,0.36109608
1860,0.96043539
1861,0.80454600
1862,0.85778254
1863,0.46970534
1864,0.96942180
1865,0.66105449
1866,0.44349337
1867,0.97177780
1868,0.92185813
1869,0.08404005
1870,0.92519605
1871,0.59332454
1872,0.94813979
1873,0.93846792
1874,0.37786323
1875,0.96246916
1876,0.39868462
1877,0.91991484
1878,0.96269244
1879,0.20882279
1880,0.59239405
1881,0.22555269
1882,0.85665143
1883,0.87901074
1884,0.54910910
1885,0.79891968
1886,0.88101190
1887,0.40158233
1888,0.70543700
1889,0.41834092
1890,0.89462185
1891,0.51598990
1892,0.97673249
1893,0.11887641
1894,0.93388832
1895,0.90411985
1896,0.97795773
1897,0.92478043
1898,0.67406237
1899,0.98232669
1900,0.13728218
1901,0.44569916
1902,0.93715835
1903,0.86648983
1904,0.38591248
1905,0.33777392
1906,0.94003272
1907,0.38707638
1908,0.66732782
1909,0.85618699
1910,0.94743085
1911,0.72540283
1912,0.77417076
1913,0.12083311
1914,0.97768211
1915,0.21197797
1916,0.84337652
1917,0.92542565
1918,0.88812619
1919,0.94980949
1920,0.37566546
1921,0.55823165
1922,0.95169485
1923,0.34420371
1924,0.94110990
1925,0.46197993
1926,0.69846314
1927,0.91192722
1928,0.52889198
1929,0.22353528
1930,0.76042742
1931,0.62910146
1932,0.91208375
1933,0.57457614
1934,0.89361537
1935,0.71233058
1936,0.51585984
1937,0.91540289
1938,0.92520046
1939,0.92263120
1940,0.70513922
1941,0.40010560
1942,0.14403279
1943,0.57582963
1944,0.89926672
1945,0.93413627
1946,0.17324744
1947,0.74342239
1948,0.96486282
1949,0.43040180
1950,0.36685148
1951,0.91913694
1952,0.97180599
1953,0.49475101
1954,0.74156135
1955,0.52718759
1956,0.87922275
1957,0.94608402
1958,0.74542630
1959,0.30813503
1960,0.39016569
1961,0.89683318
1962,0.15656108
1963,0.74278152
1964,0.88023335
1965,0.53578979
1966,0.90802425
1967,0.78543133
1968,0.54347354
1969,0.90879625
1970,0.94031179
1971,0.62297559
1972,0.75574547
1973,0.30967754
1974,0.29860795
1975,0.38486269
1976,0.11034238
1977,0.97737896
1978,0.91934794
1979,0.90754449
1980,0.58255172
1981,0.74261713
1982,0.64903134
1983,0.81907725
1984,0.89149487
1985,0.90454257
1986,0.93297702
1987,0.37377125
1988,0.05554768
1989,0.93314409
1990,0.97589040
1991,0.87486827
1992,0.83637393
1993,0.54443192
1994,0.97434413
1995,0.81612998
1996,0.53124887
1997,0.82864332
1998,0.95503604
1999,0.13544314
2000,0.10519030
2001,0.20917279
2002,0.46402740
2003,0.20895743
2004,0.21337157
2005,0.92611748
2006,0.72005939
2007,0.46251523
2008,0.11043807
2009,0.92907155
2010,0.98832786
2011,0.54867822
2012,0.43825018
2013,0.87197948
2014,0.88583362
2015,0.86790073
2016,0.17286831
2017,0.97112679
2018,0.91763276
2019,0.97123647
2020,0.40610468
2021,0.65741324
2022,0.06764826
2023,0.91217399
2024,0.72703063
2025,0.86481553
2026,0.95731813
2027,0.30088681
2028,0.87273622
2029,0.83279335
2030,0.64085352
2031,0.74084526
2032,0.83481491
2033,0.96621090
2034,0.42607394
2035,0.45709902
2036,0.98835659
2037,0.60633999
2038,0.90997565
2039,0.90052980
2040,0.91478932
2041,0.42051986
2042,0.85387480
2043,0.97449970
2044,0.70011348
2045,0.96502936
2046,0.52415496
2047,0.56863242
2048,0.78224093
2049,0.87847114
2050,0.96515191
2051,0.12158374
2052,0.90711313
2053,0.64056277
2054,0.72743392
2055,0.96036774
2056,0.85716885
2057,0.63577974
2058,0.96766055
2059,0.98058921
2060,0.21421406
2061,0.61844462
2062,0.93017310
2063,0.84107155
2064,0.76473355
2065,0.34243315
2066,0.35521555
2067,0.97591829
2068,0.45842761
2069,0.61015213
2070,0.83941919
2071,0.35735071
2072,0.97467721
2073,0.92720270
2074,0.69397151
2075,0.97064620
2076,0.93405032
2077,0.87048924
2078,0.87060732
2079,0.66653657
2080,0.92628443
2081,0.95840389
2082,0.93853354
2083,0.86119723
2084,0.73474950
2085,0.91614097
2086,0.90377384
2087,0.92823958
2088,0.86376172
2089,0.97163379
2090,0.96539497
2091,0.55011082
2092,0.27162546
2093,0.52554840
2094,0.94120353
2095,0.75357312
2096,0.95065999
2097,0.49963087
2098,0.86706328
2099,0.71357834
2100,0.64508337
2101,0.96171260
2102,0.89927411
2103,0.85432464
2104,0.92957425
2105,0.33645058
2106,0.94716811
2107,0.95677334
2108,0.91532844
2109,0.85631996
2110,0.80669904
2111,0.88579535
2112,0.61432773
2113,0.62499630
2114,0.43052107
2115,0.55821055
2116,0.26827225
2117,0.85376513
2118,0.61935878
2119,0.50792933
2120,0.81961703
2121,0.98047799
2122,0.77123910
2123,0.60938960
2124,0.97776484
2125,0.31307894
2126,0.32507771
2127,0.44764873
2128,0.20324230
2129,0.94423807
2130,0.41673589
2131,0.85765481
2132,0.87678778
2133,0.29300019
2134,0.95376718
2135,0.90889370
2136,0.90933901
2137,0.87952000
2138,0.55124450
2139,0.89137489
2140,0.60796547
2141,0.38477680
2142,0.94913810
2143,0.94327015
2144,0.24219181
2145,0.88295823
2146,0.98088020
2147,0.94865525
2148,0.83756840
2149,0.52588892
2150,0.69963682
2151,0.89804119
2152,0.92929161
2153,0.89269203
2154,0.88613486
2155,0.36224592
2156,0.89345145
2157,0.65660059
2158,0.95581800
2159,0.87825596
2160,0.93692482
2161,0.90405893
2162,0.84438986
2163,0.28578594
2164,0.83558172
2165,0.38681215
2166,0.91855943
2167,0.18560492
2168,0.51201886
2169,0.59661907
2170,0.85784101
2171,0.59832144
2172,0.64346576
2173,0.92804354
2174,0.87138414
2175,0.21564513
2176,0.89224279
2177,0.82857400
2178,0.34426734
2179,0.76400095
2180,0.84537756
2181,0.16809791
2182,0.26319289
2183,0.98631376
2184,0.84366846
2185,0.49896824
2186,0.90877068
2187,0.43919659
2188,0.08530284
2189,0.29756266
2190,0.27529114
2191,0.94165081
2192,0.84813297
2193,0.22716491
2194,0.61467540
2195,0.97779095
2196,0.70027405
2197,0.64984721
2198,0.96540904
2199,0.98714280
2200,0.83024865
2201,0.81194150
2202,0.35404423
2203,0.75317872
2204,0.37527135
2205,0.26851577
2206,0.98702896
2207,0.28668290
2208,0.85203290
2209,0.91628349
2210,0.97245830
2211,0.69089389
2212,0.93657416
2213,0.54710776
2214,0.55726707
2215,0.07090540
2216,0.34361094
2217,0.84874165
2218,0.61591965
2219,0.85982633
2220,0.80349612
2221,0.50861400
2222,0.66207504
2223,0.79949999
2224,0.86643988
2225,0.97473788
2226,0.53977019
2227,0.84018230
2228,0.97144264
2229,0.93284237
2230,0.22291788
2231,0.90822452
2232,0.97065336
2233,0.38874525
2234,0.94860399
2235,0.46179062
2236,0.79703581
2237,0.77662414
2238,0.92916834
2239,0.67908370
2240,0.08363634
2241,0.61198443
2242,0.33285320
2243,0.94650418
2244,0.86061901
2245,0.86737937
2246,0.48019007
2247,0.29332423
2248,0.88333756
2249,0.96747202
2250,0.92498618
2251,0.83966577
2252,0.88721746
2253,0.93560600
2254,0.94242525
2255,0.32977468
2256,0.96287119
2257,0.96801949
2258,0.61842787
2259,0.92336410
2260,0.16192727
2261,0.78407699
2262,0.89205581
2263,0.70565343
2264,0.82780147
2265,0.90921170
2266,0.56188881
2267,0.70509946
2268,0.96218753
2269,0.71522206
2270,0.95366907
2271,0.94092762
2272,0.69926685
2273,0.92784071
2274,0.90592718
2275,0.20280540
2276,0.86588454
2277,0.79958940
2278,0.97420311
2279,0.19452348
2280,0.33913353
2281,0.13499373
2282,0.55409467
2283,0.83398676
2284,0.23589402
2285,0.26347807
2286,0.69631708
2287,0.39755711
2288,0.60228574
2289,0.54209238
2290,0.80364811
2291,0.42357716
2292,0.38570890
2293,0.53537291
2294,0.81737888
2295,0.90353954
2296,0.99678957
2297,0.93633860
2298,0.87350827
2299,0.21913624
2300,0.24707213
2301,0.80775934
2302,0.95598298
2303,0.90286678
2304,0.28635433
2305,0.96036965
2306,0.92904043
2307,0.89885479
2308,0.97268987
2309,0.86275488
2310,0.98056364
2311,0.45871615
2312,0.92386913
2313,0.67551821
2314,0.65524584
2315,0.31899133
2316,0.94923359
2317,0.94260257
2318,0.29085273
2319,0.30927682
2320,0.37704933
2321,0.75899601
2322,0.85586947
2323,0.31975785
2324,0.92437768
2325,0.11329983
2326,0.82205760
2327,0.37291437
2328,0.54640377
2329,0.86659288
2330,0.81470549
2331,0.29392421
2332,0.81156451
2333,0.43367553
2334,0.86314356
2335,0.91685534
2336,0.86605835
2337,0.43001771
2338,0.50760621
2339,0.89761293
2340,0.10459359
2341,0.30216688
2342,0.64172041
2343,0.24065673
2344,0.44670612
2345,0.97672248
2346,0.31856024
2347,0.87805194
2348,0.28246155
2349,0.94800532
2350,0.29137349
2351,0.69155312
2352,0.18382713
2353,0.63551873
2354,0.96767128
2355,0.70866656
2356,0.92371595
2357,0.67229784
2358,0.73251206
2359,0.88814998
2360,0.73869359
2361,0.36145097
2362,0.22620231
2363,0.73266959
2364,0.88521707
2365,0.56695330
2366,0.49415398
2367,0.94310343
2368,0.23282595
2369,0.56650585
2370,0.70893478
2371,0.51506364
2372,0.97623241
2373,0.60539329
2374,0.94036752
2375,0.65003443
2376,0.93154061
2377,0.90444136
2378,0.89313608
2379,0.81896615
2380,0.52027929
2381,0.97418159
2382,0.36805832
2383,0.44517881
2384,0.18869826
2385,0.30405724
2386,0.80465388
2387,0.27138409
2388,0.48942566
2389,0.93346900
2390,0.81172919
2391,0.37572566
2392,0.91162705
2393,0.75894773
2394,0.37602386
2395,0.28569916
2396,0.96354079
2397,0.62604970
2398,0.93447822
2399,0.95785928
2400,0.90498114
2401,0.91578567
2402,0.97660792
2403,0.83031309
2404,0.84705937
2405,0.33984679
2406,0.77276951
2407,0.91520941
2408,0.69663382
2409,0.98798007
2410,0.31883240
2411,0.36577725
2412,0.92355633
2413,0.92916465
2414,0.51062930
2415,0.72259784
2416,0.58998930
2417,0.58461446
2418,0.92441964
2419,0.84250474
2420,0.28419343
2421,0.84739113
2422,0.45488864
2423,0.05128533
2424,0.51738971
2425,0.92029411
2426,0.51562262
2427,0.37991443
2428,0.24118854
2429,0.38621145
2430,0.54084092
2431,0.50595748
2432,0.32343730
2433,0.75347507
2434,0.88821936
2435,0.98242640
2436,0.82675111
2437,0.47650999
2438,0.26579851
2439,0.86952692
2440,0.96021330
2441,0.23052238
2442,0.33528540
2443,0.97144818
2444,0.40868264
2445,0.83296055
2446,0.89220643
2447,0.89901847
2448,0.84473622
2449,0.70517683
2450,0.92978472
2451,0.74923569
2452,0.29558823
2453,0.78088951
2454,0.88385165
2455,0.67931682
2456,0.40250027
2457,0.89902204
2458,0.95812839
2459,0.42788482
2460,0.28210074
2461,0.44313520
2462,0.91021067
2463,0.65808505
2464,0.91198766
2465,0.79128575
2466,0.89245987
2467,0.93498164
2468,0.68313938
2469,0.85886872
2470,0.50713694
2471,0.96347588
2472,0.54331100
2473,0.95384753
2474,0.19220082
2475,0.93457115
2476,0.34196541
2477,0.73138720
2478,0.95970738
2479,0.86354721
2480,0.69936353
2481,0.47019994
2482,0.51286578
2483,0.10729174
2484,0.47659341
2485,0.42664793
2486,0.57685274
2487,0.90647680
2488,0.94791603
2489,0.43408090
2490,0.93646163
2491,0.96926475
2492,0.99017841
2493,0.25224262
2494,0.30870619
2495,0.91066915
2496,0.27021864
2497,0.23607148
2498,0.81918490
2499,0.88450581
2500,0.26853585
2501,0.93616873
2502,0.25271007
2503,0.19228898
2504,0.94635940
2505,0.65383875
2506,0.79084635
2507,0.94714046
2508,0.37147865
2509,0.38273278
2510,0.46131557
2511,0.77193713
2512,0.95467007
2513,0.25584334
2514,0.95376331
2515,0.90696841
2516,0.59988946
2517,0.97396606
2518,0.96185517
2519,0.56253922
2520,0.96080548
2521,0.96898127
2522,0.87328666
2523,0.94105607
2524,0.94239891
2525,0.48242879
2526,0.52100950
2527,0.93748981
2528,0.97550285
2529,0.44367912
2530,0.18118370
2531,0.19254267
2532,0.94623512
2533,0.90956843
2534,0.73823172
2535,0.45074162
2536,0.97864079
2537,0.46225438
2538,0.59531468
2539,0.39211047
2540,0.37107569
2541,0.97491860
2542,0.91537678
2543,0.29617146
2544,0.42926753
2545,0.62183946
2546,0.87322021
2547,0.29110634
2548,0.62353432
2549,0.66218847
2550,0.95788026
2551,0.32514712
2552,0.46722332
2553,0.64079350
2554,0.68688059
2555,0.06982865
2556,0.93699121
2557,0.95881408
2558,0.89151049
2559,0.43730253
2560,0.92787540
2561,0.64999676
2562,0.88915670
2563,0.24009264
2564,0.13130127
2565,0.46566847
2566,0.95684373
2567,0.68698871
2568,0.75801235
2569,0.54436797
2570,0.29500949
2571,0.94135392
2572,0.89409971
2573,0.93503213
2574,0.92581248
2575,0.50957328
2576,0.94565153
2577,0.53241199
2578,0.41494256
2579,0.88506055
2580,0.92950571
2581,0.96125853
2582,0.84570003
2583,0.96486324
2584,0.70909363
2585,0.85438091
2586,0.59204620
2587,0.81525385
2588,0.86398154
2589,0.26710457
2590,0.92518860
2591,0.43103579
2592,0.19961888
2593,0.35929495
2594,0.96423215
2595,0.20542875
2596,0.84435570
2597,0.16022468
2598,0.93067294
2599,0.93599433
2600,0.44343942
2601,0.96321428
2602,0.97321939
2603,0.82798862
2604,0.90322244
2605,0.59866005
2606,0.47579229
2607,0.26735184
2608,0.42595008
2609,0.56421942
2610,0.85672843
2611,0.07395785
2612,0.63045847
2613,0.53210402
2614,0.63876802
2615,0.63226664
2616,0.81286585
2617,0.48582789
2618,0.94077587
2619,0.91523790
2620,0.94494820
2621,0.54059356
2622,0.92012763
2623,0.78889292
2624,0.73875809
2625,0.09581378
2626,0.64203387
2627,0.41296548
2628,0.81050116
2629,0.94324565
2630,0.52028543
2631,0.72767872
2632,0.61263633
2633,0.90477777
2634,0.68928659
2635,0.92187780
2636,0.57335943
2637,0.88492978
2638,0.14187272
2639,0.91664726
2640,0.68356246
2641,0.47278064
2642,0.95632422
2643,0.50803924
2644,0.24144596
2645,0.64478999
2646,0.81803346
2647,0.90710717
2648,0.67455411
2649,0.60545826
2650,0.13444915
2651,0.95110714
2652,0.82385457
2653,0.77253240
2654,0.61590779
2655,0.57816035
2656,0.03944599
2657,0.15950830
2658,0.22664991
2659,0.79394698
2660,0.97208923
2661,0.46311647
2662,0.16725415
2663,0.53136683
2664,0.94617188
2665,0.43569949
2666,0.92265284
2667,0.94877762
2668,0.75523287
2669,0.72622740
2670,0.98720974
2671,0.70717865
2672,0.74390030
2673,0.90950525
2674,0.07102932
2675,0.35961682
2676,0.94727898
2677,0.24241939
2678,0.23130845
2679,0.15534055
2680,0.93575305
2681,0.80000007
2682,0.91926634
2683,0.31686145
2684,0.86222881
2685,0.95456827
2686,0.54077190
2687,0.86383158
2688,0.79187673
2689,0.31774724
2690,0.50187767
2691,0.67468506
2692,0.57702506
2693,0.91669708
2694,0.57493287
2695,0.97553372
2696,0.92045569
2697,0.17420405
2698,0.77469325
2699,0.51453137
2700,0.74640381
2701,0.94186598
2702,0.86399567
2703,0.26940989
2704,0.51931608
2705,0.81970692
2706,0.92555720
2707,0.40663192
2708,0.25152066
2709,0.91931033
2710,0.34616315
2711,0.66377163
2712,0.79406595
2713,0.23981686
2714,0.70793325
2715,0.88417679
2716,0.93342388
2717,0.96653324
2718,0.44428819
2719,0.93532318
2720,0.97117788
2721,0.97677743
2722,0.95542872
2723,0.63847345
2724,0.85728478
2725,0.90993637
2726,0.43818769
2727,0.44322413
2728,0.35747215
2729,0.44537282
2730,0.53928572
2731,0.94265860
2732,0.86558366
2733,0.79869580
2734,0.29943746
2735,0.59896374
2736,0.95357454
2737,0.59665281
2738,0.93924785
2739,0.65251935
2740,0.15396672
2741,0.57785434
2742,0.88477600
2743,0.95889759
2744,0.68214959
2745,0.56795633
2746,0.35978544
2747,0.12862684
2748,0.21348870
2749,0.94159997
2750,0.88034886
2751,0.52025014
2752,0.87413752
2753,0.04778536
2754,0.54340929
2755,0.68927526
2756,0.13747454
2757,0.31435820
2758,0.42089775
2759,0.16708075
2760,0.87694371
2761,0.71961063
2762,0.81887519
2763,0.87589943
2764,0.62637067
2765,0.42360401
2766,0.87332439
2767,0.57575297
2768,0.24877417
2769,0.39971516
2770,0.20452102
2771,0.95008773
2772,0.83187139
2773,0.51252818
2774,0.85265052
2775,0.91573310
2776,0.41543269
2777,0.84363538
2778,0.76931542
2779,0.80221432
2780,0.89959794
2781,0.82118529
2782,0.23203519
2783,0.43951046
2784,0.93024218
2785,0.46697873
2786,0.17664745
2787,0.97072554
2788,0.39207351
2789,0.38851297
2790,0.23036714
2791,0.75496531
2792,0.93652260
2793,0.31182694
2794,0.55901313
2795,0.81216645
2796,0.14620596
2797,0.94302315
2798,0.48905894
2799,0.77124512
2800,0.35460261
2801,0.12962767
2802,0.34393388
2803,0.89047325
2804,0.23632191
2805,0.44014913
2806,0.20737030
2807,0.94697821
2808,0.84225655
2809,0.71972388
2810,0.19959649
2811,0.74367082
2812,0.72175276
2813,0.45330197
2814,0.81337470
2815,0.93680209
2816,0.25217244
2817,0.96290797
2818,0.76018792
2819,0.93850619
2820,0.24479330
2821,0.94684446
2822,0.94734681
2823,0.96119088
2824,0.74938285
2825,0.25352022
2826,0.14872660
2827,0.85579479
2828,0.64489275
2829,0.83778870
2830,0.94612503
2831,0.09981979
2832,0.97413063
2833,0.97444075
2834,0.46254450
2835,0.26585585
2836,0.02450107
2837,0.72223741
2838,0.21408808
2839,0.86932600
2840,0.71050417
2841,0.93156064
2842,0.54432786
2843,0.81956756
2844,0.96113187
2845,0.67622954
2846,0.63908142
2847,0.21606213
2848,0.88957089
2849,0.82373136
2850,0.07357159
2851,0.97509277
2852,0.23743159
2853,0.75930715
2854,0.26513565
2855,0.55069864
2856,0.10347234
2857,0.17749223
2858,0.18458217
2859,0.90919101
2860,0.50262660
2861,0.76580286
2862,0.29356033
2863,0.72172904
2864,0.39975628
2865,0.69136322
2866,0.97737056
2867,0.21598700
2868,0.46966419
2869,0.95893431
2870,0.96598345
2871,0.91959000
2872,0.79257107
2873,0.33741394
2874,0.92759496
2875,0.92546952
2876,0.36267883
2877,0.26772222
2878,0.06988994
2879,0.20389439
2880,0.89889950
2881,0.09257621
2882,0.69508237
2883,0.96688348
2884,0.72621018
2885,0.96689117
2886,0.56372631
2887,0.14302292
2888,0.49181318
2889,0.98830473
2890,0.26763254
2891,0.27731332
2892,0.81957126
2893,0.93247843
2894,0.88934475
2895,0.37061605
2896,0.89244455
2897,0.60691363
2898,0.94653672
2899,0.90409809
2900,0.24509355
2901,0.26597637
2902,0.87369806
2903,0.77552110
2904,0.88192976
2905,0.22364783
2906,0.93720329
2907,0.86208135
2908,0.48722452
2909,0.88687277
2910,0.90532982
2911,0.73486120
2912,0.90773994
2913,0.96937078
2914,0.46749866
2915,0.56712544
2916,0.84533530
2917,0.86863911
2918,0.94170344
2919,0.66671288
2920,0.47017148
2921,0.64203721
2922,0.97918284
2923,0.89184129
2924,0.88386577
2925,0.67057025
2926,0.61813605
2927,0.17612401
2928,0.28974104
2929,0.94926476
2930,0.71086943
2931,0.52582574
2932,0.75728571
2933,0.34513655
2934,0.97230607
2935,0.18699072
2936,0.34371209
2937,0.37177932
2938,0.48914984
2939,0.29980883
2940,0.71136075
2941,0.93644428
2942,0.71376663
2943,0.90562743
2944,0.83986139
2945,0.95713121
2946,0.80269372
2947,0.59279853
2948,0.90530425
2949,0.25837532
2950,0.68776733
2951,0.32467613
2952,0.91039968
2953,0.92422235
2954,0.97058451
2955,0.52308750
2956,0.18900576
2957,0.95000738
2958,0.38991624
2959,0.38345817
2960,0.23825687
2961,0.48204750
2962,0.03240165
2963,0.55722171
2964,0.37711054
2965,0.87107360
2966,0.91263723
2967,0.77167100
2968,0.91628766
2969,0.90629905
2970,0.87068748
2971,0.46897691
2972,0.84920228
2973,0.98476559
2974,0.49536610
2975,0.92419434
2976,0.27530581
2977,0.77522641
2978,0.42684650
2979,0.46996006
2980,0.92829764
2981,0.94273102
2982,0.67643970
2983,0.45147955
2984,0.96101648
2985,0.52592075
2986,0.85114390
2987,0.50323778
2988,0.77834219
2989,0.35014880
2990,0.90530199
2991,0.94327176
2992,0.94784796
2993,0.56931353
2994,0.29912594
2995,0.50532055
2996,0.16988665
2997,0.82020652
2998,0.93644315
2999,0.95918328
3000,0.90443385
3001,0.67519003
3002,0.51222807
3003,0.95760685
3004,0.95412529
3005,0.93958420
3006,0.86428708
3007,0.48060715
3008,0.29569021
3009,0.12515484
3010,0.35332870
3011,0.72908497
3012,0.46736774
3013,0.34101498
3014,0.82627529
3015,0.67858356
3016,0.70037293
3017,0.93295354
3018,0.92486686
3019,0.99126107
3020,0.56331462
3021,0.38938177
3022,0.50663531
3023,0.80687010
3024,0.93821084
3025,0.75121272
3026,0.87166214
3027,0.92001712
3028,0.29365930
3029,0.87057936
3030,0.95414144
3031,0.63684750
3032,0.42443427
3033,0.79641509
3034,0.96074551
3035,0.95503819
3036,0.78504759
3037,0.85943305
3038,0.91132206
3039,0.60691726
3040,0.81643975
3041,0.58113635
3042,0.57362193
3043,0.71758348
3044,0.44114324
3045,0.39771014
3046,0.72129464
3047,0.84978199
3048,0.95425063
3049,0.94567978
3050,0.54815072
3051,0.92315370
3052,0.57780677
3053,0.78621858
3054,0.54875576
3055,0.43487301
3056,0.39218742
3057,0.52259803
3058,0.97857153
3059,0.93903804
3060,0.92676717
3061,0.08346500
3062,0.75431055
3063,0.68463737
3064,0.49643594
3065,0.73200452
3066,0.90470314
3067,0.96958834
3068,0.95592439
3069,0.99379677
3070,0.93016028
3071,0.96540970
3072,0.37545145
3073,0.49639332
3074,0.74476081
3075,0.69968200
3076,0.80765116
3077,0.33523604
3078,0.90831983
3079,0.86600959
3080,0.94909203
3081,0.32187662
3082,0.36765042
3083,0.76377028
3084,0.36696416
3085,0.80417895
3086,0.28003120
3087,0.55882853
3088,0.25163889
3089,0.96482861
3090,0.93793869
3091,0.94533592
3092,0.91010046
3093,0.64428318
3094,0.80955744
3095,0.97425050
3096,0.48430452
3097,0.94857091
3098,0.87043834
3099,0.51239890
3100,0.92038971
3101,0.81034631
3102,0.99417526
3103,0.30549318
3104,0.95567185
3105,0.75549757
3106,0.90788430
3107,0.27085683
3108,0.83565891
3109,0.87071091
3110,0.96800196
3111,0.00894319
3112,0.80030417
3113,0.92052734
3114,0.90099436
3115,0.13571946
3116,0.80436456
3117,0.50019425
3118,0.41510320
3119,0.61165714
3120,0.08645111
3121,0.71226490
3122,0.46761829
3123,0.89861393
3124,0.33354402
3125,0.95975244
3126,0.95678544
3127,0.19627436
3128,0.56907600
3129,0.01228064
3130,0.92596936
3131,0.88952208
3132,0.90475792
3133,0.58595842
3134,0.45286649
3135,0.44079724
3136,0.93830162
3137,0.11638312
3138,0.28633565
3139,0.91959107
3140,0.95999992
3141,0.98620772
3142,0.93533826
3143,0.96179563
3144,0.39211506
3145,0.91564083
3146,0.56979609
3147,0.87840909
3148,0.43401864
3149,0.77155840
3150,0.89770305
3151,0.97370183
3152,0.46000677
3153,0.18493913
3154,0.41194776
3155,0.96267056
3156,0.94788289
3157,0.95129418
3158,0.78816593
3159,0.97196370
3160,0.49035326
3161,0.32531008
3162,0.46714979
3163,0.76382619
3164,0.59716523
3165,0.96482718
3166,0.93200952
3167,0.75993836
3168,0.92681664
3169,0.14387125
3170,0.86041814
3171,0.59011453
3172,0.88884628
3173,0.94377750
3174,0.81988567
3175,0.92381543
3176,0.25112623
3177,0.97457790
3178,0.39583504
3179,0.91654927
3180,0.36954343
3181,0.55589533
3182,0.49037457
3183,0.96302432
3184,0.71888423
3185,0.90377128
3186,0.28290504
3187,0.19018258
3188,0.79441035
3189,0.32278895
3190,0.19952495
3191,0.97083974
3192,0.35589439
3193,0.71522766
3194,0.59271467
3195,0.75297463
3196,0.71411645
3197,0.64765698
3198,0.59962940
3199,0.90985215
3200,0.32163605
3201,0.86524469
3202,0.24281138
3203,0.92478526
3204,0.95955604
3205,0.89752066
3206,0.71514738
3207,0.96637958
3208,0.46082771
3209,0.64132142
3210,0.96429169
3211,0.87165654
3212,0.43430126
3213,0.94371194
3214,0.19699024
3215,0.58756459
3216,0.39651859
3217,0.93048936
3218,0.56030738
3219,0.91620207
3220,0.85575485
3221,0.49186197
3222,0.92724049
3223,0.79253376
3224,0.62362647
3225,0.78465092
3226,0.87573510
3227,0.60317612
3228,0.95221525
3229,0.26784116
3230,0.83818811
3231,0.93702495
3232,0.43242252
3233,0.59201747
3234,0.41754699
3235,0.93209779
3236,0.96596694
3237,0.91076469
3238,0.82174611
3239,0.86500132
3240,0.73367757
3241,0.43509617
3242,0.43026283
3243,0.93057162
3244,0.95339000
3245,0.71490246
3246,0.56809640
3247,0.05730158
3248,0.84202915
3249,0.26356056
3250,0.89516777
3251,0.73097020
3252,0.36489141
3253,0.78583479
3254,0.95948571
3255,0.47222811
3256,0.63947153
3257,0.23383783
3258,0.20239313
3259,0.76569813
3260,0.93280733
3261,0.93580055
3262,0.67559594
3263,0.91101021
3264,0.26000968
3265,0.53776419
3266,0.95674646
3267,0.60821152
3268,0.32270712
3269,0.18225268
3270,0.43078199
3271,0.59036314
3272,0.20572889
3273,0.86315954
3274,0.96455425
3275,0.26971489
3276,0.67029506
3277,0.64936107
3278,0.66844827
3279,0.20893270
3280,0.97010744
3281,0.71120566
3282,0.92097163
3283,0.95947295
3284,0.98704374
3285,0.71039474
3286,0.87045348
3287,0.40076143
3288,0.90886182
3289,0.77281749
3290,0.95710135
3291,0.97061950
3292,0.77956885
3293,0.79413402
3294,0.97360778
3295,0.38088405
3296,0.84033614
3297,0.92969006
3298,0.95897222
3299,0.72642016
3300,0.95264781
3301,0.99184513
3302,0.85359430
3303,0.28109828
3304,0.95529485
3305,0.40059698
3306,0.90022629
3307,0.11971800
3308,0.91197067
3309,0.51945031
3310,0.90073204
3311,0.56968939
3312,0.87283826
3313,0.95314813
3314,0.91523659
3315,0.87567699
3316,0.91059399
3317,0.49617893
3318,0.46063161
3319,0.89440697
3320,0.51361805
3321,0.39256364
3322,0.69082826
3323,0.97765523
3324,0.37656352
3325,0.60375315
3326,0.30230963
3327,0.98119193
3328,0.88251776
3329,0.80997592
3330,0.35808069
3331,0.38650271
3332,0.23786858
3333,0.38395366
3334,0.47337648
3335,0.67039889
3336,0.69821614
3337,0.93705893
3338,0.89776212
3339,0.49482071
3340,0.24224131
3341,0.18983558
3342,0.75603724
3343,0.96429121
3344,0.65422928
3345,0.21098617
3346,0.88088351
3347,0.56681401
3348,0.48705405
3349,0.69528931
3350,0.40789694
3351,0.67555213
3352,0.90614343
3353,0.59617853
3354,0.94347179
3355,0.95935345
3356,0.94124186
3357,0.93800712
3358,0.64828420
3359,0.62573165
3360,0.28779349
3361,0.46918628
3362,0.43387955
3363,0.93628138
3364,0.93487906
3365,0.75694644
3366,0.10055814
3367,0.54608303
3368,0.48890093
3369,0.10344677
3370,0.88356227
3371,0.43643326
3372,0.38022459
3373,0.37672639
3374,0.31181818
3375,0.28347236
3376,0.94749844
3377,0.93696547
3378,0.85787755
3379,0.78095138
3380,0.97581536
3381,0.97612447
3382,0.35552108
3383,0.85661286
3384,0.60978705
3385,0.34658813
3386,0.84978092
3387,0.63135815
3388,0.41266149
3389,0.24948998
3390,0.94753736
3391,0.30395901
3392,0.89239234
3393,0.89824915
3394,0.82272977
3395,0.79237956
3396,0.78273785
3397,0.48259240
3398,0.48537877
3399,0.96623516
3400,0.25799045
3401,0.96989518
3402,0.64187372
3403,0.56162107
3404,0.88319248
3405,0.33870959
3406,0.98386073
3407,0.94375342
3408,0.68959850
3409,0.99686158
3410,0.18720588
3411,0.13739550
3412,0.89697719
3413,0.48940414
3414,0.95308822
3415,0.54065573
3416,0.60033065
3417,0.74070191
3418,0.87922484
3419,0.65919161
3420,0.27833611
3421,0.78460407
3422,0.94903886
3423,0.24458618
3424,0.82143283
3425,0.84640217
3426,0.96792185
3427,0.95134598
3428,0.51339453
3429,0.78299916
3430,0.78661346
3431,0.95000088
3432,0.35555029
3433,0.96165150
3434,0.93029475
3435,0.91206074
3436,0.55907553
3437,0.10017008
3438,0.60226178
3439,0.91117871
3440,0.20171565
3441,0.45407644
3442,0.96401602
3443,0.82956713
3444,0.58341205
3445,0.64892089
3446,0.46312261
3447,0.82367891
3448,0.94940984
3449,0.12689824
3450,0.94274312
3451,0.56379867
3452,0.28045234
3453,0.27937752
3454,0.55576915
3455,0.88880867
3456,0.96580017
3457,0.08941607
3458,0.82508177
3459,0.21327829
3460,0.78550422
3461,0.89206207
3462,0.78839147
3463,0.24756920
3464,0.97039509
3465,0.38876069
3466,0.34912097
3467,0.98749572
3468,0.71851408
3469,0.11909740
3470,0.56166506
3471,0.14864114
3472,0.45851851
3473,0.97808099
3474,0.98043025
3475,0.89833057
3476,0.25154263
3477,0.94557506
3478,0.22316423
3479,0.39307296
3480,0.80955386
3481,0.27415726
3482,0.89080036
3483,0.93656480
3484,0.52393913
3485,0.95321983
3486,0.94734555
3487,0.50665599
3488,0.37330541
3489,0.17755270
3490,0.66101348
3491,0.93861485
3492,0.72881174
3493,0.90577018
3494,0.88850641
3495,0.55460191
3496,0.89445090
3497,0.09957052
3498,0.78773016
3499,0.60018975
3500,0.23285869
3501,0.76890099
3502,0.92025805
3503,0.21997266
3504,0.93583494
3505,0.85841584
3506,0.29908472
3507,0.93742537
3508,0.56708306
3509,0.89876854
3510,0.30061591
3511,0.84325093
3512,0.39850718
3513,0.57727033
3514,0.82795811
3515,0.85838383
3516,0.43228444
3517,0.89349520
3518,0.93157309
3519,0.54139292
3520,0.61671531
3521,0.57757306
3522,0.78086007
3523,0.75500023
3524,0.47916889
3525,0.95038426
3526,0.91182363
3527,0.82878047
3528,0.98360443
3529,0.94285017
3530,0.09695437
3531,0.91708267
3532,0.89763671
3533,0.58237910
3534,0.91683215
3535,0.32010433
3536,0.93791586
3537,0.63697326
3538,0.68865752
3539,0.85320175
3540,0.24046054
3541,0.92348164
3542,0.54553694
3543,0.23810172
3544,0.21793333
3545,0.93524575
3546,0.98081481
3547,0.80290723
3548,0.55777049
3549,0.88316417
3550,0.51320362
3551,0.17850289
3552,0.84307206
3553,0.92356205
3554,0.54119337
3555,0.72887260
3556,0.96042466
3557,0.89902449
3558,0.30155933
3559,0.83006400
3560,0.92356968
3561,0.59205759
3562,0.36098534
3563,0.40003502
3564,0.27423775
3565,0.33645734
3566,0.97817194
3567,0.51951128
3568,0.25294787
3569,0.94695449
3570,0.60468680
3571,0.36520725
3572,0.55341232
3573,0.33558443
3574,0.90274000
3575,0.87868923
3576,0.89508891
3577,0.71995616
3578,0.08715506
3579,0.89543784
3580,0.42473856
3581,0.24183619
3582,0.71909082
3583,0.93762445
3584,0.97688562
3585,0.18963502
3586,0.91417015
3587,0.66002274
3588,0.09405991
3589,0.69702774
3590,0.60355705
3591,0.45822710
3592,0.51674438
3593,0.75930655
3594,0.38099957
3595,0.89324266
3596,0.67165965
3597,0.86111087
3598,0.96187365
3599,0.76224691
3600,0.95534217
3601,0.22058621
3602,0.46695474
3603,0.80816942
3604,0.96228796
3605,0.95795232
3606,0.95102894
3607,0.95026052
3608,0.90109891
3609,0.98007137
3610,0.28237194
3611,0.56644374
3612,0.87550783
3613,0.95037758
3614,0.64261132
3615,0.23927216
3616,0.18161006
3617,0.88598579
3618,0.93520886
3619,0.26425144
3620,0.90328765
3621,0.04544639
3622,0.75271636
3623,0.96722794
3624,0.84512341
3625,0.82977831
3626,0.90527105
3627,0.95886105
3628,0.39779708
3629,0.79759282
3630,0.87907261
3631,0.90940481
3632,0.34175897
3633,0.90340590
3634,0.62385297
3635,0.91219372
3636,0.95869839
3637,0.45514017
3638,0.81733978
3639,0.89344704
3640,0.38149452
3641,0.57283086
3642,0.51354057
3643,0.93372095
3644,0.91393661
3645,0.92397904
3646,0.36191842
3647,0.91432709
3648,0.88670099
3649,0.53030515
3650,0.75877869
3651,0.94071066
3652,0.83680379
3653,0.58515084
3654,0.57928324
3655,0.68792874
3656,0.25596672
3657,0.63833272
3658,0.14229533
3659,0.56455499
3660,0.73607039
3661,0.10091691
3662,0.85578203
3663,0.21829477
3664,0.93578231
3665,0.23795223
3666,0.17952366
3667,0.42674401
3668,0.43607354
3669,0.31406522
3670,0.89779961
3671,0.34432712
3672,0.94809908
3673,0.69413865
3674,0.56176794
3675,0.62363714
3676,0.87350476
3677,0.25596920
3678,0.74110174
3679,0.96569180
3680,0.52015531
3681,0.55596936
3682,0.96713650
3683,0.79974651
3684,0.81434155
3685,0.93498558
3686,0.92698592
3687,0.17894252
3688,0.96269584
3689,0.96425968
3690,0.97144145
3691,0.88987041
3692,0.94748420
3693,0.16828558
3694,0.80419612
3695,0.25427383
3696,0.91733378
3697,0.70116657
3698,0.53099263
3699,0.96314543
3700,0.84148663
3701,0.82724172
3702,0.48451522
3703,0.96731836
3704,0.43947133
3705,0.93846291
3706,0.81777239
3707,0.54478085
3708,0.90049285
3709,0.68234569
3710,0.95313454
3711,0.80304623
3712,0.93323988
3713,0.90552235
3714,0.96640813
3715,0.78893483
3716,0.93863708
3717,0.90897512
3718,0.96202648
3719,0.27801251
3720,0.81226015
3721,0.51318520
3722,0.84118438
3723,0.95897996
3724,0.62008429
3725,0.94848895
3726,0.72702199
3727,0.73747706
3728,0.98202622
3729,0.19446841
3730,0.86586380
3731,0.16608810
3732,0.76733345
3733,0.83922744
3734,0.98190874
3735,0.84358913
3736,0.94093525
3737,0.44112968
3738,0.33734414
3739,0.61684221
3740,0.93743092
3741,0.87373364
3742,0.62515581
3743,0.11383922
3744,0.74135262
3745,0.72232956
3746,0.39924824
3747,0.95004267
3748,0.41557992
3749,0.39091715
3750,0.97556627
3751,0.67489880
3752,0.22189459
3753,0.52198458
3754,0.81968337
3755,0.77594954
3756,0.85685223
3757,0.96446681
3758,0.54173160
3759,0.90681720
3760,0.94390738
3761,0.65897352
3762,0.19437182
3763,0.60336030
3764,0.88734984
3765,0.36019936
3766,0.64224124
3767,0.37678522
3768,0.92461348
3769,0.47430748
3770,0.11707167
3771,0.62714159
3772,0.49530089
3773,0.93617225
3774,0.72847772
3775,0.66870749
3776,0.79210269
3777,0.94500387
3778,0.93874824
3779,0.86468917
3780,0.15644442
3781,0.54819137
3782,0.93291909
3783,0.66505772
3784,0.94712538
3785,0.35786623
3786,0.59026104
3787,0.97809213
3788,0.39829445
3789,0.93429238
3790,0.24036284
3791,0.91285753
3792,0.91262561
3793,0.22969207
3794,0.41434249
3795,0.36422110
3796,0.33408970
3797,0.97334749
3798,0.80844015
3799,0.41110492
3800,0.37561953
3801,0.72164059
3802,0.29423982
3803,0.27676013
3804,0.45444426
3805,0.94723761
3806,0.87641197
3807,0.81801850
3808,0.07652107
3809,0.95382196
3810,0.39048508
3811,0.30252603
3812,0.63698775
3813,0.95456803
3814,0.78508985
3815,0.50963897
3816,0.56799114
3817,0.54625648
3818,0.73467678
3819,0.87066638
3820,0.49041319
3821,0.85001737
3822,0.16384563
3823,0.98022997
3824,0.91186529
3825,0.22358888
3826,0.50369662
3827,0.93156147
3828,0.96069431
3829,0.70742100
3830,0.87135625
3831,0.93306279
3832,0.94253147
3833,0.92318988
3834,0.88393271
3835,0.54914439
3836,0.91448677
3837,0.29655820
3838,0.93584239
3839,0.59041667
3840,0.92332155
3841,0.12726246
3842,0.77024812
3843,0.67827249
3844,0.96739167
3845,0.71901089
3846,0.56923378
3847,0.93602496
3848,0.03937956
3849,0.48337111
3850,0.56472111
3851,0.92121828
3852,0.28979012
3853,0.79935169
3854,0.87462890
3855,0.40634775
3856,0.86963832
3857,0.48072377
3858,0.96509784
3859,0.84387439
3860,0.86055201
3861,0.96995747
3862,0.90861344
3863,0.76678133
3864,0.81833458
3865,0.27582780
3866,0.97965038
3867,0.67792451
3868,0.23101768
3869,0.59742838
3870,0.97144139
3871,0.86997777
3872,0.69624865
3873,0.55210227
3874,0.99396938
3875,0.35085076
3876,0.80532539
3877,0.55673391
3878,0.77330941
3879,0.23345521
3880,0.79566276
3881,0.77359891
3882,0.90501171
3883,0.98567814
3884,0.94525790
3885,0.94381839
3886,0.86810637
3887,0.98292100
3888,0.59621942
3889,0.81013256
3890,0.12612146
3891,0.87047839
3892,0.93691325
3893,0.92658305
3894,0.85452688
3895,0.24413672
3896,0.60254610
3897,0.52044570
3898,0.89620686
3899,0.84495068
3900,0.13308027
3901,0.78724480
3902,0.53340077
3903,0.96179688
3904,0.91593683
3905,0.76208824
3906,0.54327220
3907,0.22369021
3908,0.50558233
3909,0.29463351
3910,0.90095466
3911,0.84529257
3912,0.94364208
3913,0.77366436
3914,0.60823089
3915,0.61891872
3916,0.74271750
3917,0.96256912
3918,0.91041917
3919,0.91887277
3920,0.37497932
3921,0.28020987
3922,0.48892346
3923,0.64252400
3924,0.16572481
3925,0.63179964
3926,0.61529231
3927,0.48812032
3928,0.37587568
3929,0.95982993
3930,0.34614277
3931,0.93195188
3932,0.95265079
3933,0.69425762
3934,0.96153712
3935,0.44787502
3936,0.63586354
3937,0.90946031
3938,0.21913803
3939,0.97323400
3940,0.53746384
3941,0.88429773
3942,0.86855078
3943,0.94683117
3944,0.90957355
3945,0.69621581
3946,0.58760840
3947,0.20734519
3948,0.94743377
3949,0.91645020
3950,0.18122625
3951,0.78497088
3952,0.94350123
3953,0.93453652
3954,0.37406275
3955,0.98178792
3956,0.38005781
3957,0.58794332
3958,0.38892636
3959,0.22721505
3960,0.19158585
3961,0.36914870
3962,0.94032997
3963,0.38421568
3964,0.89895493
3965,0.57210147
3966,0.09427629
3967,0.68239844
3968,0.84062016
3969,0.85630846
3970,0.91609383
3971,0.35357949
3972,0.91415095
3973,0.96884656
3974,0.97231334
3975,0.45888701
3976,0.51459551
3977,0.39201403
3978,0.45147508
3979,0.53328401
3980,0.91102546
3981,0.10183690
3982,0.83285511
3983,0.40766758
3984,0.88506424
3985,0.46696454
3986,0.78013456
3987,0.94223845
3988,0.72994286
3989,0.96798229
3990,0.92399681
3991,0.30955330
3992,0.29859751
3993,0.33132887
3994,0.92113769
3995,0.52072120
3996,0.30020207
3997,0.93989283
3998,0.65935051
3999,0.67336595
4000,0.45926204
4001,0.95177102
4002,0.55465972
4003,0.90881419
4004,0.99597943
4005,0.67242366
4006,0.94341463
4007,0.90656495
4008,0.55232483
4009,0.21673799
4010,0.87185651
4011,0.94006026
4012,0.31681031
4013,0.93614537
4014,0.04662209
4015,0.96397859
4016,0.81281811
4017,0.94815075
4018,0.95121372
4019,0.28739500
4020,0.37381715
4021,0.37861758
4022,0.29649878
4023,0.90569288
4024,0.96952796
4025,0.97584927
4026,0.88865244
4027,0.57351011
4028,0.88403946
4029,0.47955731
4030,0.93630373
4031,0.92422599
4032,0.91955632
4033,0.98319423
4034,0.27806777
4035,0.84665722
4036,0.55401111
4037,0.92876869
4038,0.87353194
4039,0.45449468
4040,0.24484715
4041,0.20965102
4042,0.93415427
4043,0.98600334
4044,0.07912941
4045,0.71966857
4046,0.33560586
4047,0.97732967
4048,0.93713123
4049,0.92630243
4050,0.21320917
4051,0.39825526
4052,0.64989752
4053,0.62689900
4054,0.25931063
4055,0.81393605
4056,0.18163088
4057,0.05830152
4058,0.71735358
4059,0.60671186
4060,0.91717374
4061,0.79822683
4062,0.25786659
4063,0.48709437
4064,0.91600132
4065,0.91996264
4066,0.98762262
4067,0.35326859
4068,0.96009392
4069,0.81570899
4070,0.27271211
4071,0.80933082
4072,0.93301594
4073,0.56717539
4074,0.96384966
4075,0.96388292
4076,0.78298664
4077,0.18387775
4078,0.94381052
4079,0.71062541
4080,0.90005857
4081,0.32661676
4082,0.99156982
4083,0.85707992
4084,0.20515560
4085,0.88077182
4086,0.49314988
4087,0.55264854
4088,0.77962089
4089,0.14755201
4090,0.94563144
4091,0.79500920
4092,0.89383924
4093,0.49165079
4094,0.91532582
4095,0.64824224
4096,0.63229382
4097,0.96698612
4098,0.93382812
4099,0.81013823
4100,0.83805025
4101,0.28831524
4102,0.82839882
4103,0.55741554
4104,0.49249333
4105,0.86005920
4106,0.96381366
4107,0.92625165
4108,0.39598528
4109,0.36068153
4110,0.90126598
4111,0.57690912
4112,0.26645169
4113,0.95876402
4114,0.89560121
4115,0.23878855
4116,0.86460829
4117,0.29959661
4118,0.56813931
4119,0.94018590
4120,0.40277600
4121,0.30445355
4122,0.77134162
4123,0.95026082
4124,0.57236868
4125,0.45961127
4126,0.95011485
4127,0.59914863
4128,0.57373589
4129,0.77720881
4130,0.36448830
4131,0.87384987
4132,0.97307009
4133,0.50005418
4134,0.25450346
4135,0.88502431
4136,0.69965774
4137,0.91742826
4138,0.92879999
4139,0.93378609
4140,0.47448307
4141,0.44563755
4142,0.89751530
4143,0.92924213
4144,0.82831633
4145,0.92621636
4146,0.57784349
4147,0.39392090
4148,0.71374458
4149,0.89310116
4150,0.42603803
4151,0.43017337
4152,0.56067955
4153,0.72324526
4154,0.96416003
4155,0.95319355
4156,0.62347722
4157,0.73393381
4158,0.89074665
4159,0.92619526
4160,0.52595246
4161,0.47981662
4162,0.65442818
4163,0.54604113
4164,0.94557220
4165,0.88139033
4166,0.98363024
4167,0.92923158
4168,0.96628034
4169,0.86598158
4170,0.83944345
4171,0.85743684
4172,0.53769577
4173,0.98031646
4174,0.43452340
4175,0.44277415
4176,0.95496666
4177,0.86418766
4178,0.85158539
4179,0.96894866
4180,0.90472388
4181,0.53507680
4182,0.36127478
4183,0.36933064
4184,0.62568110
4185,0.71492946
4186,0.90012109
4187,0.93741643
4188,0.71936685
4189,0.12331691
4190,0.96865416
4191,0.44564801
4192,0.67818683
4193,0.93601376
4194,0.91706800
4195,0.97706634
4196,0.21505588
4197,0.16001964
4198,0.40892267
4199,0.89403570
4200,0.80530643
4201,0.95523751
4202,0.37001333
4203,0.09610267
4204,0.79331088
4205,0.61997408
4206,0.82230777
4207,0.93367887
4208,0.34910625
4209,0.87153232
4210,0.46472403
4211,0.94243443
4212,0.93015963
4213,0.98762447
4214,0.91358310
4215,0.79566151
4216,0.50167394
4217,0.94556266
4218,0.80903482
4219,0.96681261
4220,0.33174801
4221,0.69606310
4222,0.88876414
4223,0.89798307
4224,0.11585224
4225,0.46350712
4226,0.93420166
4227,0.91978931
4228,0.95217615
4229,0.90504807
4230,0.89175713
4231,0.87378967
4232,0.90874040
4233,0.77292758
4234,0.46667773
4235,0.96337497
4236,0.16678502
4237,0.86590296
4238,0.78214276
4239,0.92923146
4240,0.90725136
4241,0.82012874
4242,0.45635551
4243,0.12638827
4244,0.85916471
4245,0.20420630
4246,0.61763817
4247,0.69610047
4248,0.60157317
4249,0.80855477
4250,0.89125168
4251,0.68598157
4252,0.94187605
4253,0.32235059
4254,0.55293024
4255,0.94860047
4256,0.95447874
4257,0.94595480
4258,0.97194630
4259,0.63141811
4260,0.57008380
4261,0.16092399
4262,0.55552119
4263,0.37307537
4264,0.86279374
4265,0.34466329
4266,0.94528198
4267,0.93732762
4268,0.85079384
4269,0.19060256
4270,0.95573306
4271,0.67012590
4272,0.88657427
4273,0.94891584
4274,0.49677879
4275,0.93743533
4276,0.67399752
4277,0.93028951
4278,0.94805765
4279,0.76018900
4280,0.90487355
4281,0.98056656
4282,0.84604836
4283,0.95985472
4284,0.52134049
4285,0.43162572
4286,0.69961971
4287,0.87226987
4288,0.59857392
4289,0.93816733
4290,0.44970757
4291,0.88123256
4292,0.87115967
4293,0.19390446
4294,0.17797524
4295,0.86514091
4296,0.33380944
4297,0.37898725
4298,0.50115883
4299,0.43934935
4300,0.92342615
4301,0.96668792
4302,0.34403771
4303,0.92624861
4304,0.50448793
4305,0.61315662
4306,0.61722875
4307,0.09793643
4308,0.25829971
4309,0.68584335
4310,0.93353337
4311,0.97643131
4312,0.98718619
4313,0.74549854
4314,0.59066027
4315,0.92739999
4316,0.60668766
4317,0.93784702
4318,0.44909203
4319,0.90962595
4320,0.94201696
4321,0.34485471
4322,0.39264640
4323,0.33331680
4324,0.93595695
4325,0.96536493
4326,0.81846797
4327,0.88844490
4328,0.87125683
4329,0.87159920
4330,0.67387843
4331,0.95655251
4332,0.98972231
4333,0.35468423
4334,0.73463464
4335,0.98319560
4336,0.93201333
4337,0.90839708
4338,0.97282404
4339,0.79329145
4340,0.84775543
4341,0.84510154
4342,0.29568696
4343,0.17450123
4344,0.46004158
4345,0.39254260
4346,0.12145501
4347,0.87943977
4348,0.86128306
4349,0.87494755
4350,0.92130232
4351,0.36901978
4352,0.86321133
4353,0.77541292
4354,0.96775836
4355,0.87587750
4356,0.44637743
4357,0.02505536
4358,0.97371066
4359,0.74855483
4360,0.88420671
4361,0.91862744
4362,0.89640212
4363,0.45740625
4364,0.93414664
4365,0.54055727
4366,0.77092844
4367,0.83065236
4368,0.21352044
4369,0.91877925
4370,0.67041463
4371,0.67157638
4372,0.23292121
4373,0.61033940
4374,0.91713035
4375,0.89995462
4376,0.86284053
4377,0.76475954
4378,0.93047321
4379,0.38644829
4380,0.56941819
4381,0.33512580
4382,0.41703427
4383,0.29071671
4384,0.37318623
4385,0.93844551
4386,0.78483462
4387,0.88260466
4388,0.95794314
4389,0.88179272
4390,0.91291535
4391,0.16931196
4392,0.34600091
4393,0.39334825
4394,0.41609240
4395,0.92785096
4396,0.26321468
4397,0.82813358
4398,0.86422199
4399,0.56001866
4400,0.59277910
4401,0.80682105
4402,0.79914749
4403,0.82934606
4404,0.93715388
4405,0.94295514
4406,0.54475641
4407,0.29851341
4408,0.91680604
4409,0.84435397
4410,0.81063539
4411,0.93716991
4412,0.88438857
4413,0.68376756
4414,0.54671758
4415,0.49534702
4416,0.94144875
4417,0.96483904
4418,0.44508043
4419,0.80512273
4420,0.94742727
4421,0.22604692
4422,0.97535652
4423,0.32727301
4424,0.70896602
4425,0.98903477
4426,0.19028381
4427,0.62490302
4428,0.94809091
4429,0.57467467
4430,0.92095149
4431,0.97865802
4432,0.98037469
4433,0.85928190
4434,0.96701157
4435,0.26375186
4436,0.66203338
4437,0.49656898
4438,0.91761470
4439,0.66871262
4440,0.16021886
4441,0.16473657
4442,0.77650219
4443,0.52990264
4444,0.88057804
4445,0.05477935
4446,0.80778652
4447,0.91587746
4448,0.35055283
4449,0.26480192
4450,0.96807283
4451,0.11631862
4452,0.43619192
4453,0.94241297
4454,0.53361589
4455,0.54865861
4456,0.86414468
4457,0.92703193
4458,0.93530810
4459,0.76927048
4460,0.16354659
4461,0.77841651
4462,0.97663122
4463,0.44528049
4464,0.52696073
4465,0.79061848
4466,0.96365583
4467,0.00789722
4468,0.88168538
4469,0.53818691
4470,0.94099498
4471,0.44187710
4472,0.96947789
4473,0.69888371
4474,0.92406940
4475,0.91856724
4476,0.90046716
4477,0.81551206
4478,0.26110289
4479,0.85119122
4480,0.68047249
4481,0.46278909
4482,0.82406044
4483,0.29577073
4484,0.76173526
4485,0.93478334
4486,0.88164079
4487,0.86705619
4488,0.34660906
4489,0.41585135
4490,0.56158525
4491,0.85661560
4492,0.43397936
4493,0.30275595
4494,0.95783609
4495,0.89410019
4496,0.62474746
4497,0.34951878
4498,0.81234187
4499,0.74111176
4500,0.93058765
4501,0.92455637
4502,0.93661886
4503,0.85971123
4504,0.74055743
4505,0.49329314
4506,0.85789615
4507,0.56605375
4508,0.92130035
4509,0.84292895
4510,0.88262784
4511,0.49196470
4512,0.98188484
4513,0.88122666
4514,0.94494510
4515,0.36752677
4516,0.32700178
4517,0.84310746
4518,0.14480735
4519,0.95622486
4520,0.21636991
4521,0.95584440
4522,0.32036212
4523,0.14730386
4524,0.93426502
4525,0.66028178
4526,0.96909863
4527,0.35331368
4528,0.24938703
4529,0.96618664
4530,0.26795438
4531,0.98693675
4532,0.92173147
4533,0.93444544
4534,0.09806667
4535,0.92504913
4536,0.50083637
4537,0.95191205
4538,0.32329214
4539,0.68021888
4540,0.36765578
4541,0.92065853
4542,0.97802860
4543,0.67834169
4544,0.47569954
4545,0.75303870
4546,0.82921332
4547,0.88975793
4548,0.22711048
4549,0.55074638
4550,0.91997051
4551,0.92673498
4552,0.54864663
4553,0.21493703
4554,0.38893524
4555,0.82194364
4556,0.93700480
4557,0.64693272
4558,0.87282777
4559,0.33043042
4560,0.85645658
4561,0.81807578
4562,0.83179998
4563,0.87842447
4564,0.50282168
4565,0.92257136
4566,0.16706225
4567,0.42613429
4568,0.35689259
4569,0.95855594
4570,0.29252675
4571,0.72937864
4572,0.73813778
4573,0.97096318
4574,0.05526504
4575,0.77791572
4576,0.91184145
4577,0.51667225
4578,0.79110849
4579,0.64129943
4580,0.88794601
4581,0.92241836
4582,0.97201645
4583,0.42879117
4584,0.26083285
4585,0.89725393
4586,0.80939192
4587,0.51059675
4588,0.89232612
4589,0.13068508
4590,0.18642077
4591,0.70769423
4592,0.85975909
4593,0.82687968
4594,0.64526570
4595,0.87552249
4596,0.72583151
4597,0.91241562
4598,0.93549824
4599,0.27532133
4600,0.22418234
4601,0.58499599
4602,0.83300948
4603,0.23894486
4604,0.92274791
4605,0.93559349
4606,0.31745824
4607,0.20798486
4608,0.97152936
4609,0.04125318
4610,0.82474864
4611,0.52882242
4612,0.56194007
4613,0.17402205
4614,0.37325662
4615,0.78712660
4616,0.33117333
4617,0.87405139
4618,0.63952798
4619,0.39726681
4620,0.98106802
4621,0.46540794
4622,0.89774549
4623,0.58805609
4624,0.83499300
4625,0.55750561
4626,0.96217740
4627,0.90895700
4628,0.51068127
4629,0.92864341
4630,0.64825720
4631,0.52120191
4632,0.40300918
4633,0.87126005
4634,0.84449804
4635,0.32898107
4636,0.74532807
4637,0.52037537
4638,0.35497054
4639,0.98140985
4640,0.98496294
4641,0.92418778
4642,0.90931463
4643,0.95530295
4644,0.36058119
4645,0.70596349
4646,0.57612383
4647,0.53363562
4648,0.84609944
4649,0.45784968
4650,0.88891864
4651,0.86669552
4652,0.54500318
4653,0.72815222
4654,0.77344358
4655,0.96149164
4656,0.17138253
4657,0.61579341
4658,0.81253350
4659,0.83762747
4660,0.53279823
4661,0.29901281
4662,0.34974426
4663,0.32587248
4664,0.92023844
4665,0.99040294
4666,0.71678424
4667,0.10901724
4668,0.94856638
4669,0.95480967
4670,0.93123776
4671,0.98578572
4672,0.26189804
4673,0.23512799
4674,0.54146051
4675,0.92129093
4676,0.91184497
4677,0.94257534
4678,0.84627426
4679,0.40269953
4680,0.92174768
4681,0.82968318
4682,0.70217454
4683,0.22937253
4684,0.68379223
4685,0.91342074
4686,0.88320047
4687,0.96884930
4688,0.15610872
4689,0.87825167
4690,0.35024914
4691,0.73982489
4692,0.91638231
4693,0.18113896
4694,0.42505354
4695,0.38534501
4696,0.42270434
4697,0.87438285
4698,0.75017977
4699,0.96029735
4700,0.51159793
4701,0.91023457
4702,0.30244529
4703,0.10026106
4704,0.92629135
4705,0.43445277
4706,0.81230026
4707,0.51229596
4708,0.32083303
4709,0.97407544
4710,0.79852182
4711,0.94876665
4712,0.89109105
4713,0.50505275
4714,0.87349236
4715,0.55615604
4716,0.92505145
4717,0.67900318
4718,0.71238720
4719,0.84633988
4720,0.97876811
4721,0.67291182
4722,0.53363520
4723,0.97445172
4724,0.70059115
4725,0.95319188
4726,0.93723506
4727,0.74525273
4728,0.59568828
4729,0.93755478
4730,0.33653760
4731,0.81259882
4732,0.92228407
4733,0.32495484
4734,0.03584265
4735,0.24361531
4736,0.95785546
4737,0.66748691
4738,0.72566545
4739,0.34665805
4740,0.81182790
4741,0.82889313
4742,0.88783008
4743,0.81984019
4744,0.35613698
4745,0.47527164
4746,0.26283216
4747,0.51567262
4748,0.68299204
4749,0.17721927
4750,0.85816592
4751,0.82383925
4752,0.97469008
4753,0.53068799
4754,0.95253390
4755,0.85594666
4756,0.91636074
4757,0.87267542
4758,0.15374950
4759,0.44994909
4760,0.86157119
4761,0.53764522
4762,0.96152204
4763,0.55972648
4764,0.36644208
4765,0.96177059
4766,0.97865576
4767,0.49066827
4768,0.75207388
4769,0.81286138
4770,0.52566361
4771,0.68860513
4772,0.92461997
4773,0.56789255
4774,0.37471360
4775,0.97017628
4776,0.81506658
4777,0.80378550
4778,0.23811501
4779,0.98498714
4780,0.76452374
4781,0.50873852
4782,0.20588109
4783,0.90719700
4784,0.86620617
4785,0.38151979
4786,0.84255713
4787,0.96643889
4788,0.39193934
4789,0.95161682
4790,0.91553783
4791,0.53700358
4792,0.43241245
4793,0.37609985
4794,0.96126860
4795,0.48195636
4796,0.67388588
4797,0.33758369
4798,0.95136178
4799,0.95845389
4800,0.45171496
4801,0.89936590
4802,0.82792079
4803,0.67407960
4804,0.36179245
4805,0.80601799
4806,0.65306365
4807,0.22555001
4808,0.94844848
4809,0.80953008
4810,0.30795139
4811,0.94824302
4812,0.31634834
4813,0.96239924
4814,0.50995094
4815,0.60446459
4816,0.30777064
4817,0.96281475
4818,0.59093052
4819,0.57990503
4820,0.46563214
4821,0.82725948
4822,0.69371104
4823,0.92633349
4824,0.28276721
4825,0.97184604
4826,0.86904919
4827,0.59948069
4828,0.52981746
4829,0.16293404
4830,0.33801651
4831,0.21220258
4832,0.95908403
4833,0.89690256
4834,0.94816428
4835,0.36812538
4836,0.96517467
4837,0.91966623
4838,0.82855207
4839,0.92761523
4840,0.89337742
4841,0.87717831
4842,0.33760539
4843,0.85932058
4844,0.64484370
4845,0.41550529
4846,0.20554164
4847,0.85085940
4848,0.95806879
4849,0.96610004
4850,0.92841935
4851,0.97343665
4852,0.68070400
4853,0.96511889
4854,0.45252934
4855,0.80728394
4856,0.41475111
4857,0.99451572
4858,0.94250196
4859,0.95146263
4860,0.89569795
4861,0.88904488
4862,0.39838624
4863,0.61601305
4864,0.90584624
4865,0.63914353
4866,0.75671744
4867,0.49173918
4868,0.98807389
4869,0.94902933
4870,0.85852087
4871,0.67726904
4872,0.31394586
4873,0.07680426
4874,0.88029337
4875,0.94218969
4876,0.45827496
4877,0.25663823
4878,0.92443812
4879,0.93340880
4880,0.68318009
4881,0.27990073
4882,0.89655101
4883,0.42214864
4884,0.77058184
4885,0.95645195
4886,0.12301637
4887,0.84191108
4888,0.87977523
4889,0.97567010
4890,0.60176384
4891,0.91695851
4892,0.49568909
4893,0.36995500
4894,0.14654219
4895,0.96605796
4896,0.95774931
4897,0.91916394
4898,0.98957729
4899,0.25311893
4900,0.15501828
4901,0.94179046
4902,0.73153144
4903,0.91474855
4904,0.32180801
4905,0.87785912
4906,0.94358200
4907,0.55122364
4908,0.65006459
4909,0.29967082
4910,0.54813439
4911,0.62336117
4912,0.96610856
4913,0.91519719
4914,0.94345605
4915,0.73780870
4916,0.91340470
4917,0.83377552
4918,0.95746404
4919,0.93201673
4920,0.82108843
4921,0.61974394
4922,0.90567815
4923,0.96544278
4924,0.16151929
4925,0.62692553
4926,0.39891654
4927,0.83148384
4928,0.07570030
4929,0.93701380
4930,0.45844647
4931,0.60757786
4932,0.83397609
4933,0.87759560
4934,0.63118768
4935,0.33746055
4936,0.30875298
4937,0.95585155
4938,0.70977646
4939,0.31360951
4940,0.92526591
4941,0.55569768
4942,0.94625628
4943,0.91139519
4944,0.97558749
4945,0.96531653
4946,0.40324891
4947,0.55595422
4948,0.88641322
4949,0.13608359
4950,0.91772109
4951,0.96019411
4952,0.28789341
4953,0.42465258
4954,0.87021601
4955,0.83776987
4956,0.47157437
4957,0.63346761
4958,0.90385133
4959,0.75637794
4960,0.17972386
4961,0.94029450
4962,0.77796596
4963,0.38364261
4964,0.48834965
4965,0.94967538
4966,0.72472388
4967,0.87989450
4968,0.77939510
4969,0.98331994
4970,0.98250926
4971,0.95461190
4972,0.94616187
4973,0.87922204
4974,0.11536830
4975,0.97091049
4976,0.89641070
4977,0.69197571
4978,0.43550038
4979,0.30027884
4980,0.97305983
4981,0.97333741
4982,0.57998610
4983,0.68410707
4984,0.14392325
4985,0.91332543
4986,0.44258159
4987,0.85537130
4988,0.75846773
4989,0.93265754
4990,0.43355429
4991,0.24768052
4992,0.22397116
4993,0.20833437
4994,0.74474549
4995,0.68029422
4996,0.93219668
4997,0.37950090
4998,0.44461912
4999,0.45313057
